userID,email,password
1,gmcilhatton0@google.ca,11c1dfb6-b167-4419-8c7f-e169cb597aa6
2,egumme1@infoseek.co.jp,b12829ae-a8ce-4602-b14c-3347c187c10b
3,megalton2@istockphoto.com,52e80653-17b8-4414-8676-969ac2398a0c
4,ckellart3@clickbank.net,0efa3f59-464d-4d51-a775-e4d36b8e4a58
5,ncopnar4@mac.com,72b1540f-091a-4daf-bf0b-8677a1330553
6,rdorgan5@toplist.cz,e639ac00-92bc-4037-8059-7cc13101fa3e
7,bperis6@huffingtonpost.com,493359c5-6ac7-42b0-a917-a630612a8271
8,bdoncom7@ovh.net,b0910006-91ea-4e9e-8b9e-a3fa3f2e90c9
9,ghuddles8@qq.com,1b8c1fa6-db0b-4057-8303-90778e3f9aee
10,eager9@yellowpages.com,0014a5a8-29c4-4a6e-baa4-bae5f404e1ec
11,psteptoea@oakley.com,8e5c157c-c209-4e15-9d73-50d444ae71ba
12,mipsleyb@whitehouse.gov,ff92a9da-154e-4d39-b5fe-ee55101e8584
13,hfahyc@pagesperso-orange.fr,1b16b68c-d12a-484d-9d17-8fee841feab7
14,ctomovicd@eventbrite.com,69f2a038-82e3-45c9-b0a7-3392b900b771
15,cedmette@weibo.com,0c04530a-0b2d-46e1-bb43-1560c9891795
16,dwhalesf@psu.edu,7f089b9e-9fa2-49d3-9fd8-0cc617ab61be
17,gbonifaciog@vimeo.com,1ebeec80-c5e3-4354-93ec-e6b0a364c7b9
18,ahourahanh@hc360.com,32be5aca-85db-4e7f-812b-377fa124d8e5
19,lgoscari@zimbio.com,38902816-5d23-40de-891a-9fcaab09dc5e
20,rlutwychej@omniture.com,6cc6df53-3810-4fdd-a0fd-8753c9fb92aa
21,inurnyk@gravatar.com,5cd004a6-dfbd-471b-83e4-22f9ff9aaa68
22,mfurberl@imdb.com,e100a264-3730-4d99-850e-5c3dcdd4137a
23,atelferm@wikia.com,6310326c-5b3b-4329-8772-3646b48400fb
24,lroblinn@nhs.uk,76b088f2-6e91-473c-855c-5fe03c67a137
25,rjosupeito@usa.gov,ca1ddbba-55f8-4a81-85e1-648fd833f072
26,ericsonp@facebook.com,099aa1c8-79db-4873-a856-2fdebb984c7f
27,qmadrellq@digg.com,62165df9-b9ac-4ae9-ac75-2b50b809605a
28,pharmer@scribd.com,7ffe967a-7bff-4700-bc2e-4dbd2edf384d
29,tbowbricks@businesswire.com,e0d148d5-afed-49b7-81ac-2e81dbdb7c42
30,radnamt@biglobe.ne.jp,65bb7cd5-b181-4330-907d-3d50b506d357
31,dwillarsu@cdbaby.com,d516e32b-c3a5-486a-8a54-b2d06cf5c00c
32,ahizirv@ocn.ne.jp,6641fda4-ea0a-4e19-a16b-b1e3f7f5bb29
33,mhadgkissw@ovh.net,e8c9b3bb-dd18-4de4-998d-d6114f86069d
34,oslorachx@alibaba.com,cb680518-a4fc-482d-b0ab-99f2c5ea3a03
35,edenzilowy@hud.gov,2479a61c-c8ec-442c-95d9-bb93a3de5770
36,darchibaldz@people.com.cn,261134ac-ff47-4422-a06d-f2f826e6b4f7
37,esimunek10@ted.com,f75f2193-7d84-4a8c-b4c6-93fd0308789b
38,rwillmont11@dyndns.org,f99257e6-92ce-4fbe-95d8-8872163835e9
39,dspeck12@360.cn,d9792a03-1934-424f-be81-1c157536642f
40,pchristopher13@epa.gov,18548e66-33bc-4280-b82d-b30c808cb7eb
41,jscotti14@theatlantic.com,2976e0e3-4f9a-4cc1-8ee5-4ae1b114fa9f
42,bwonter15@lulu.com,8b8941e0-ff4f-4454-a099-537ba1ff7fac
43,vhazelhurst16@opensource.org,dc05e59e-28fd-4301-ab1d-c6ad0ae8cf7a
44,enordass17@typepad.com,3539497d-130e-4859-a744-59345089309a
45,rabsolem18@shinystat.com,6a7b49fe-0283-48c6-a821-723ff2784673
46,mdyble19@pbs.org,5b6682d6-b91a-4780-876e-0b12c4d14a6d
47,pendrizzi1a@storify.com,c13d5097-791d-4e87-87f3-32ca80473f3a
48,brawle1b@sourceforge.net,fd7e55a4-6a8a-4474-87e0-a6edbcb2d7fa
49,namberger1c@ucsd.edu,60f9b17f-a971-4ccf-81fd-38860041e2d0
50,jhuot1d@mtv.com,a00096e2-992f-445b-acff-b863c7973743
51,sroycroft1e@hp.com,26775116-7e34-482e-a831-6873bd6db020
52,rloache1f@mit.edu,b6a39414-0768-4d13-92c1-299da14a987c
53,ialam1g@bandcamp.com,ab98dd7b-0b90-4a50-88be-cca007775609
54,jheinrich1h@webnode.com,8f0c0fac-d770-4fa8-afe4-8125598ca1e9
55,tdobbinson1i@businessinsider.com,e1db8113-29c3-4ab5-bfd6-90bafcc68713
56,cabercromby1j@jalbum.net,0cad662d-8cf1-4122-ab76-301bdff5e691
57,scockran1k@twitter.com,cf80589d-d07a-4a8a-847a-cc02b425bd7f
58,lrennolds1l@amazon.co.uk,132cf392-b44d-42f7-ac0b-5e0c56257448
59,arosendorf1m@archive.org,4c2b7d91-5bdc-4089-ad0f-4672722746be
60,igass1n@diigo.com,043e46f5-92c4-477c-bf88-5a92fc78f23c
61,crumke1o@wunderground.com,c634d05f-b144-4b9d-b614-93090464e6f0
62,lpollock1p@ycombinator.com,5fe03c3e-64ec-4287-a291-a856c600154e
63,egile1q@quantcast.com,12018de9-5100-4332-9e62-dcc8017b32de
64,fgoodbourn1r@constantcontact.com,b153b952-47ad-44fa-8faa-be4c06637bcc
65,rcatley1s@yandex.ru,70273927-721b-4788-aa46-1eecb6c0a451
66,darney1t@facebook.com,0e62b739-4406-44b2-bd5f-51cbe64ff543
67,mlassey1u@webeden.co.uk,1765572d-f84f-465e-8e1c-80835ea32dbd
68,ckondratenya1v@wunderground.com,17a3934b-f0ec-4826-b6bc-ed51d8ccf06f
69,mdobrowolny1w@ehow.com,2e5e84ce-ae1a-413a-bfc8-484c8ab7f2bd
70,lpenhall1x@blogtalkradio.com,de8a9139-a474-4b9f-a1d1-ad587e651e31
71,cbode1y@dailymail.co.uk,7cfd4eb2-256b-436f-96a6-7c4b2b71b891
72,oadair1z@vinaora.com,5e94d210-04c5-43d5-a5ff-62c9a93103f8
73,afrenzl20@cdbaby.com,b31bbbb0-fc8d-46b1-bac9-6784382eb9c2
74,rkendle21@columbia.edu,58b10e5a-c55e-4003-a6fc-5242b205a38e
75,cbrack22@ucsd.edu,9f6808b0-2de9-4aa8-8ba8-6ecd11bb8037
76,ddonson23@cbsnews.com,489475f7-1477-4272-9729-80430fe80ded
77,ebartholin24@feedburner.com,4be20f29-60a0-4ce3-bf0a-d12d5b163624
78,dfilshin25@example.com,5359e14c-d5e0-4b4d-b097-c954df6cd0af
79,hbroodes26@nyu.edu,13bff456-e2ff-45b0-9ca1-8be0282c3fac
80,stuffey27@bbc.co.uk,b0b2935e-01af-4a01-8050-f19d3fe42ea3
81,ggrinval28@adobe.com,f519c439-ac9a-41d2-a09c-1dedf93e5cd5
82,bbadger29@fema.gov,ceebe6ea-f722-4673-8847-965bab8df281
83,mtebbutt2a@abc.net.au,12426ba6-9ebe-4605-b995-970ed0217082
84,vtarbin2b@ask.com,1cb5beef-0e8c-4c12-8a81-0ff812dcde6d
85,kkingswold2c@cocolog-nifty.com,d58d50c8-20c0-4d44-baf2-2d220b89090b
86,cflight2d@samsung.com,89b5ae28-5d20-49b9-9e69-831f38d12df1
87,kmcturlough2e@china.com.cn,1c69d23b-407b-4069-9444-aaff1db2f68f
88,rpottery2f@oracle.com,da794549-652a-4133-82f0-cb3dc516e932
89,smcimmie2g@hostgator.com,3fb941e9-a2fe-4953-ae0e-cc89bd491721
90,cvines2h@nih.gov,a9a57632-d646-46b9-8877-7fd54121f3b1
91,zechalier2i@about.com,d873d674-1cfa-4cd4-b8d3-c4c3e906aa9f
92,kbeare2j@google.com.br,9c005170-3423-4854-9a72-78010686e513
93,acarnie2k@foxnews.com,02cf457a-ec23-45fb-8ac2-63f0b219fd5d
94,rchaimson2l@utexas.edu,57369c8d-3d9b-42ab-b1a4-8b49016bdc3d
95,varonowitz2m@miitbeian.gov.cn,e67bdd4c-609c-4093-a6eb-9fc39e2a2337
96,ehamlin2n@bloglines.com,4ba8a628-e2f4-4400-b939-9dfe5c8f70e2
97,mfurman2o@umich.edu,44a08be1-f37d-4c88-a32a-13da7dab8ce0
98,pkesley2p@histats.com,fb19cea1-9ebb-439d-95c1-e53f54cdb504
99,mluno2q@gizmodo.com,8d617af4-d498-4c4f-b8de-ee4a05c9955c
100,bduncan2r@thetimes.co.uk,97d78e44-67ed-4617-a487-604196500e9d
101,ablackston2s@comsenz.com,bbb7068a-f312-4bbb-bf23-50f16212fe4d
102,mgrimsley2t@nymag.com,d7263624-14eb-491b-9a7b-876d6220249a
103,cjeafferson2u@oakley.com,aa2b686e-2d02-4181-a147-26c2838f7a22
104,lraspin2v@state.tx.us,36a58a7d-b704-41d3-aaf4-4761674f7e81
105,adiss2w@comsenz.com,94ec9391-813b-46a3-b9f2-ac402c095c64
106,rgrayne2x@tripod.com,e31bc0fc-2986-41a0-98a2-54cfceeccab0
107,akielt2y@weebly.com,c4575183-8e7f-45d5-84f1-082340833518
108,fmunt2z@hud.gov,3677405a-e960-4fa2-a091-ee573ed815d0
109,kgiaomozzo30@angelfire.com,5bc6f2a4-8043-4b0d-a5b2-6ad84505a415
110,acraddock31@mapy.cz,cb8b3986-3526-4715-9048-093704985732
111,handerer32@cnn.com,a0a6e37f-ca75-4002-8734-73c57b7749a0
112,smarchi33@psu.edu,42364e37-92b8-4c95-9581-1b6a0876032b
113,adigg34@gov.uk,a2306009-11d8-419a-a94c-d0ba56f41391
114,hbaroc35@domainmarket.com,77a4366c-9a75-4b48-948d-267806787bcb
115,acuthbertson36@indiatimes.com,7be3f522-29d6-4a3e-b5f5-dfa7c001f4cd
116,nskitral37@blogtalkradio.com,5b1371bc-eda6-47fb-b1a7-90431459f74c
117,zfalks38@php.net,25af5a5a-f8e6-4e5c-aacf-81c46c6bb4a1
118,tgoodswen39@usa.gov,235cfc5b-07c3-465e-be08-b186e08bd294
119,hsnawdon3a@blogs.com,8b301ffd-a468-4123-b0de-bc6705621138
120,saxel3b@themeforest.net,d9ab4a03-4166-4d7c-bb19-950ff7f98f0c
121,tvalder3c@sogou.com,260cf47d-a6b0-485e-8f18-1502ba6aa0f4
122,santrobus3d@cnn.com,1e2babd6-aff6-4d9a-bee7-3532f87c9ff4
123,wbines3e@com.com,e2d3b8d0-164d-48ba-8180-756c5d761bbb
124,hwarcup3f@youtube.com,50736d55-359d-45c6-bfb8-bd06ba82d378
125,ltoohey3g@google.co.uk,395ad557-d8ac-420a-90e3-a4d1c2b739ab
126,nbalston3h@ovh.net,96d0487c-6031-4cea-b0a1-c179d5ba00a8
127,hmarr3i@howstuffworks.com,f322f9fc-dc35-40bf-b500-653f5d7064ee
128,jmattock3j@mapquest.com,a52267b3-4a6c-414b-b19e-18d76901b593
129,bgrogono3k@simplemachines.org,5833ec09-4d8a-45ff-be08-bb8fb796214a
130,dknowlson3l@sohu.com,ca97eb03-f2c6-4e7f-915f-73502a01d05d
131,jmoret3m@epa.gov,26f8af18-52cf-4900-a459-d0d3359e26d1
132,tsaint3n@ustream.tv,86b70869-2848-4be6-8310-d9fc809e2f4b
133,cowens3o@bloglovin.com,e957fc9d-71c5-4456-b714-d5bb2c24c972
134,lmillier3p@npr.org,6937cc0e-0d04-4015-8d2d-ef4d854f0452
135,cwormleighton3q@un.org,7f90491f-41ad-41e3-88fb-97bf6582ea47
136,bgaskamp3r@scribd.com,c8902a0f-7032-4f90-92e7-178e650d68eb
137,mfurby3s@webnode.com,7dbfb680-29d5-487f-b389-a065709027ac
138,csedgman3t@hugedomains.com,d2989973-b96a-4a8b-ae19-08f94e11d014
139,sblondin3u@sfgate.com,71503997-6695-4dfb-8953-cc73d075bdde
140,spimerick3v@sun.com,2cbe10c2-4c04-4eba-9fb4-4ad4d73a9880
141,dratchford3w@hhs.gov,6cfab59b-f3e9-4b25-a2a5-6f5cec9bbdd6
142,aloren3x@etsy.com,23797df3-4529-4400-ae96-5253e76d4779
143,dwonfar3y@mozilla.com,40a3229d-906a-48c1-9569-1726b7ba5759
144,halibone3z@statcounter.com,b3b830a4-c798-4cad-8283-80636df99748
145,jlipprose40@lulu.com,60b7e035-f543-4155-a17c-9f3363efa6cf
146,nraikes41@bbb.org,3960389a-75da-4bd7-b536-f464eefd2636
147,erudham42@clickbank.net,2f91915b-43d9-41cf-bd9b-6588ef9fac49
148,lmatton43@github.io,bd242508-23a9-4ce9-bfd2-dc4b18bd22d3
149,ocomport44@ebay.com,7dbeea19-7981-42ca-bdb5-0af647770c83
150,shallett45@google.pl,3e693c52-5953-4255-8c8d-6e1a6cc37f82
151,tconnikie46@reverbnation.com,1dcbd1c4-8edf-472c-b8b1-ae2a6c3fdd8a
152,rsimmon47@ca.gov,00c5c726-facd-417e-b191-4b3702b61854
153,cworsham48@msn.com,f080d4c6-6a72-482a-b631-7b20547e6a32
154,gmunt49@skyrock.com,fc581d8a-b6e3-4664-84e5-00bd5157ed2d
155,mmewes4a@de.vu,4286e989-e794-4d40-96cf-999dfe2813d7
156,bpanner4b@myspace.com,c0014a95-e060-4f60-8e0e-76f1639a515c
157,relington4c@g.co,c43f56e5-d5a8-4c61-b040-1a69b5495956
158,skeary4d@i2i.jp,66efc7e6-ec93-4b44-91a5-c3b403ebb496
159,lheinschke4e@opera.com,f90975bf-d2aa-4fcc-9e2b-05568cafbdfc
160,rjiroudek4f@vk.com,4e8e406e-e8c5-4718-9265-32f139614014
161,npoytres4g@elegantthemes.com,add19dfd-868c-421e-b748-2aaf192eac76
162,chusk4h@example.com,4c3483ec-c135-46d6-88ea-d363bd5b0f29
163,mcharnick4i@twitpic.com,5851c505-e88d-4096-8fe6-e219253d3551
164,sruberti4j@google.it,e39411f1-346a-401c-9a25-bff03e7f0593
165,echristal4k@vimeo.com,0c3c662a-e382-412c-92f6-2b0c03adba58
166,lhuggill4l@so-net.ne.jp,2a6d398f-46cb-4e4e-ad3d-6a7e4439f460
167,epariss4m@bloomberg.com,f1784a87-6d80-419c-8c80-ef1e41b75627
168,hryson4n@jiathis.com,55bdb71f-3853-498b-9aa0-e7861ed1a65f
169,meverington4o@nsw.gov.au,2b0bcd4f-8690-435d-acae-3bf439fb9ce6
170,mburel4p@posterous.com,a4e0a57b-c78d-47b4-9809-23d254a06ee4
171,gmarcq4q@sciencedaily.com,aac17004-2143-429d-bbb3-9e6ee4bab500
172,icurcher4r@mlb.com,8e737491-8f28-47e2-b82d-c88e56e36410
173,icorderoy4s@sourceforge.net,0c3af444-a69e-475e-8218-4b98094c8fc7
174,eblaxley4t@spotify.com,b2535be0-e360-4d01-8549-709c9609f9b7
175,dwills4u@phoca.cz,1f1ba4a5-edf5-4ca3-858c-25901e966845
176,twarburton4v@mozilla.com,6a973a72-280d-4959-b27f-67d243966777
177,ldesborough4w@pcworld.com,66198f94-f0c8-4fc3-95cc-a743a122c727
178,areddihough4x@reverbnation.com,4d89dacd-adc1-4a18-a351-6408f2d08d9b
179,frucklesse4y@facebook.com,55725572-d964-4192-8b95-7ed7cb83bc9b
180,mhedger4z@devhub.com,f3a15114-f464-40b5-b650-2eb7a3f2fbaa
181,psnape50@rediff.com,772e0c30-16f6-4edc-bbeb-9d49bb20f2ae
182,cdavenhill51@arstechnica.com,0fd98592-3e74-4306-9b79-ede602f37f13
183,ogarrard52@google.ru,9a4219e9-6e96-4131-9a8a-7e0383235b15
184,clinturn53@rediff.com,e6f3523b-fb8d-4487-a9e5-dea96d881f4e
185,jcarriage54@earthlink.net,3b8edbae-b73f-44ff-88d7-8c0d2190a102
186,cdooman55@163.com,007f43ad-5d80-4c64-be56-f109cc6b1044
187,cpietri56@soup.io,dd7a7bdd-85e6-454d-8926-f78522691c85
188,cchilders57@sphinn.com,b16a559c-0710-46f2-823e-a4ab03d5fdb7
189,brastrick58@cam.ac.uk,90a1eb6b-64c4-4313-9d3e-32627fbc6507
190,fcaudell59@elpais.com,c1b0fcdd-8a64-4d5b-9faf-ebaf163f7e3a
191,ttreen5a@icq.com,ea78b8e9-1d36-439a-934e-562f46af8602
192,ifairholme5b@4shared.com,783ed737-f70b-43b1-a2ad-18327f7e3fe5
193,tdicte5c@webmd.com,cdfcd68d-085d-4346-846d-eb173e50b033
194,igarrett5d@si.edu,06f210ca-83c1-4c90-a41a-023f9bcbe3bd
195,aspowart5e@youku.com,c16dc908-191a-4956-bd78-fd005f04438c
196,fastin5f@mail.ru,ea131d9e-4921-42ff-9a17-9909ac6977a0
197,lcovely5g@ning.com,a2eda34b-ddee-451b-b87d-496bd7ecacc4
198,lrawe5h@clickbank.net,72c5201d-4a38-4828-bba8-23eed81bda92
199,tdurant5i@timesonline.co.uk,993cd8fa-21a8-43d1-b8c5-2f469852ede7
200,ncrangle5j@mozilla.com,b3293d61-5dd1-4f18-add2-92a21c0e0863
201,bettels5k@liveinternet.ru,3f217bc9-54d6-4dee-b566-2d2121c0f414
202,othomke5l@ucla.edu,aef3a2f5-dc34-4854-8f6c-6a31e153d307
203,mmilson5m@smugmug.com,09e9bcba-63ed-4012-99bf-401c8e94f84f
204,latlay5n@liveinternet.ru,08e1b662-244d-43c0-8808-cb2d9550a1b3
205,fdunthorn5o@163.com,b2fb9f12-6340-4ea1-9d2a-869f5ec340b7
206,pcuxon5p@hud.gov,faeccabe-d569-4752-b5ee-ba9e5e8181bb
207,cdabell5q@walmart.com,08193f00-a097-4930-95c5-19de298fda7b
208,jbatts5r@yahoo.com,ba28b4d5-e0a6-476a-9a48-99adfe001d77
209,bcurrall5s@digg.com,2d121481-8b9f-4a3a-aab7-260921a3e0ac
210,tsexcey5t@biglobe.ne.jp,0b0a252b-3e5d-4869-9067-c40db97fa0d9
211,aevans5u@phpbb.com,10796bf2-5892-4d6d-a39d-45f0c861a045
212,rrathborne5v@cpanel.net,ccf52af2-7409-4c82-b6ab-625e9619fc34
213,mcapstack5w@dailymotion.com,562acdcd-c112-4fe1-883a-fa8a7061146f
214,afissenden5x@wikispaces.com,93b8f482-799b-4f8d-9b6a-0e43f3cf8bbb
215,eneaves5y@imageshack.us,b77fa042-ac65-4f4a-accb-6532a5b1c556
216,sgiannotti5z@abc.net.au,8b098370-1e19-472f-82b8-511cacb1cece
217,jstrowthers60@ifeng.com,8ab8a03c-06bf-48af-b256-f1b9b593c726
218,rjewes61@bluehost.com,2195db1d-bf55-4433-8cdd-a1512875882a
219,msoane62@dot.gov,2a437463-9d0b-4dd4-93db-0fc0e237c146
220,sodowling63@behance.net,114646cd-17e6-46ed-8249-8c23c8dd1398
221,hnairne64@spiegel.de,a98a619a-409a-4c33-9a91-8b24245f21ac
222,gszymanowicz65@si.edu,a99242ca-3ff1-4fa7-80bc-95d62b17f0fc
223,rmoberley66@wufoo.com,736d0769-a193-4568-b555-e9acec8cf4bb
224,gdolby67@google.cn,774ff803-f875-4e1f-82d9-48be30c788d7
225,gscreen68@examiner.com,5e37c4d1-72a9-40b2-a1df-ed99f7ff6007
226,kinkles69@yandex.ru,217d7dca-2eb5-493c-bab4-d12df531ee94
227,hfrances6a@dot.gov,b78dae8e-174f-4412-b637-f55021f986e0
228,hesposito6b@ning.com,0270f04c-158b-4bab-9f6c-36bc70f30cf0
229,sbrasener6c@wordpress.org,df8812e3-9755-4ef5-ae10-9ef7399dd903
230,nvarfolomeev6d@cnet.com,8b7d1c23-54bf-4dd2-a53d-aa1f9ca2c739
231,sderoche6e@wunderground.com,a826750b-8584-490a-8e0b-45636ff8806b
232,yohanley6f@de.vu,f1cd396c-11ca-4a8e-a5d7-e1da55fcdbfc
233,glittlejohn6g@soundcloud.com,eccce088-fc85-41bc-8d5d-58968e79ea1c
234,cfisby6h@stumbleupon.com,abe2252b-10e1-4538-9704-f9ffbf24595b
235,rflello6i@google.es,538537db-6c48-4042-9a9f-e04b337c1139
236,rkillough6j@time.com,ddda7a00-ebc2-4606-9577-c2a194476d6d
237,cjerrard6k@storify.com,355c16f1-1b1a-4b62-9f8e-c978257101c8
238,cmockes6l@nbcnews.com,7dda178b-ea01-40bb-b58e-be353a65b69c
239,oscattergood6m@uiuc.edu,3458ae03-9960-40a7-b138-820cdd689d6c
240,cfaustian6n@g.co,72c24a8b-5195-4dd0-91e3-6d482889376e
241,zbloan6o@live.com,082648a5-3847-4285-b57e-eba00b77fc37
242,wmclafferty6p@nih.gov,e050eaff-ef59-4e37-9fd1-89cee65b7274
243,nruter6q@un.org,97faacd7-e10a-4101-8c5c-19e1d361be98
244,ephelit6r@indiatimes.com,ecbd210e-8e3d-44da-99b2-7e26a3b8a9a5
245,dlightowler6s@spotify.com,e854ab54-8586-4cdf-8f09-48d0eaff60ad
246,jviollet6t@weibo.com,6df18021-5fc4-40fa-91cd-da21fc0c98f1
247,rkondratyuk6u@huffingtonpost.com,749719af-5959-4cf7-84b3-3d2b4cb014d5
248,ssellman6v@posterous.com,b31f2a7c-c862-4dd1-b6c1-80776b766bf5
249,cwilkison6w@msn.com,d8e795b9-7837-42e7-8197-068433980bcf
250,climrick6x@smugmug.com,9dc51742-3913-4796-b4f5-426a059f1a4c
251,bcrossland6y@drupal.org,9ba1be1f-2ca1-4607-8fef-6b73edcdd963
252,lmitroshinov6z@paypal.com,09e3e1c0-c9dc-4093-93ff-ed40719b15b7
253,nschruurs70@ning.com,62de0c69-4f65-40b7-80cc-6deeffb9d708
254,mpoupard71@time.com,ebbbb97f-ac2c-4809-8194-118623aed412
255,kvorley72@printfriendly.com,31bb5c12-07e4-49f8-9127-1d09a8fa8acc
256,ccarrier73@unesco.org,f05da683-4365-48aa-8d07-5c0146c1d13c
257,ebowles74@tinypic.com,73f74c37-94f5-4529-9908-b4cccce72233
258,asaill75@youku.com,0a55d025-19cc-476c-813a-02dd2ea7d8dc
259,tschuchmacher76@bloglines.com,8fb66821-c6df-4d7d-85e2-5b79474a0a6b
260,oglandon77@amazon.co.jp,ad077dd1-2b7d-4bc4-aeca-c25c6c93311c
261,nbarnett78@dedecms.com,46d60eeb-1265-4e9a-ba90-93f8e6b94f45
262,shassett79@sciencedirect.com,5f0ac8f8-9449-4eda-a9ae-68d0b6f05abc
263,ptingle7a@opensource.org,0740a4e7-a659-4058-acf9-7e3c9d3cb903
264,ncastanares7b@meetup.com,dc26844f-ceb5-4f8c-889b-dcb8cc5fc2c1
265,amasdin7c@spiegel.de,eea1a53f-8de2-414b-8898-91b393f3905c
266,aquelch7d@businessweek.com,e9c1f702-b7a1-4696-ac14-0d821b653d9b
267,atinghill7e@zdnet.com,ab85032f-5961-402f-8efd-9cee669b3b34
268,fphaup7f@addthis.com,c97da5a7-74ae-4448-8fbc-e359cd20dc54
269,gplampeyn7g@google.fr,07d663d1-aea2-4f3a-9a17-243b0f2ceaf0
270,babby7h@sfgate.com,8238f473-a068-483c-822f-7d3496de74e8
271,npfeffle7i@about.me,020642ea-3a97-404c-b9c1-94b22c3cf955
272,lmyott7j@ucoz.ru,43d04c7e-0a23-42f7-adf7-77f0ae84b5f7
273,atomlinson7k@apache.org,964406af-00b7-43d9-b1e9-c4dc63dae9bd
274,bfleetham7l@ucoz.com,136216cb-d599-4aa4-ad85-7d8730684ba3
275,fpoynser7m@squarespace.com,738b09c7-24f3-4d7a-b6c0-ae2b16258021
276,dwanden7n@networkadvertising.org,1f3ae0a5-6252-4f46-b5cf-bb886d39ad39
277,rbaggally7o@cnet.com,a0d82b05-b02e-40d4-b7db-343470ae5bd2
278,iwhitloe7p@blogger.com,8a814f50-ac34-49c8-9067-737194f260de
279,ilere7q@ucsd.edu,4cb8f38d-ee45-4e25-be63-af05888043d7
280,abrainsby7r@cnbc.com,9032c9a6-cee5-4bcf-8464-b8ee874afe1d
281,ddoud7s@arizona.edu,aac45a12-ec40-4cfa-b9f6-c0f94394f36f
282,cattersoll7t@google.com,129144e8-150f-4df8-b947-d952147b4146
283,cduley7u@shinystat.com,b224d55e-6805-403e-ab9a-6f912581ca55
284,wrickasse7v@nature.com,246e0b67-111c-4a9c-a4fa-d08771a93ac8
285,sdewbury7w@twitter.com,6fcd0300-0ab2-4d29-b73a-388c03863d54
286,fotridge7x@dmoz.org,45fa076a-9538-415f-b84b-189027e38718
287,rrawling7y@huffingtonpost.com,354cb0d3-00ce-4f69-b44d-1af654bc4832
288,mchristophers7z@buzzfeed.com,e103fe1d-8e75-4371-ac71-1b0530016b9d
289,iboulde80@networksolutions.com,956c0ec8-d974-4d40-b55f-cdb3025ae8d6
290,nbarrows81@cdc.gov,d06b6553-ae75-47bf-9c75-38b6e4f4ef9c
291,cpallister82@nbcnews.com,557e2b18-40fa-47fe-9e6a-c0d2a7817f71
292,aevensden83@ucsd.edu,596359e3-a657-4eab-8916-218ec2af56d1
293,ehoulworth84@imageshack.us,bc42db5b-f776-4472-87dc-6d0a4cf2fc7e
294,eleist85@theatlantic.com,21d855cb-8c52-4a3e-b1fb-92299f29e5d9
295,lblackburn86@adobe.com,af2a1abd-d52c-41ac-90e3-7fe2ab798837
296,dmillis87@hugedomains.com,8b9dbbd4-4a91-4711-88da-97b1ef4cf8c2
297,tchilds88@fda.gov,2ed38194-10ee-43bb-995e-9a7197212768
298,bcavaney89@dropbox.com,a126da8d-70b6-4153-9b4f-22151dafb0d2
299,airon8a@unc.edu,df520cc4-0c55-4bf3-ae18-154268630b1f
300,alucian8b@arizona.edu,ae837d5d-4138-44c1-b5ff-515d5d9287c9
301,cmacmakin8c@youku.com,590b777a-9223-42ea-ab32-c8da23e6a4ce
302,njerson8d@t-online.de,3c8acd1f-b482-457e-b9ea-788c3b2efd6e
303,inorthway8e@delicious.com,e2adc543-834e-423f-8337-a25993c5c716
304,arimmington8f@nba.com,e8d70735-dc36-4aaf-9712-7f3ec2e98416
305,bghirigori8g@bravesites.com,9d79c1a0-5254-4747-8f0c-5844f09d1f89
306,apedri8h@epa.gov,9a831e93-62e2-4ca1-9ed5-7c2541030f2f
307,theys8i@hc360.com,0f8a316a-2e2c-4b75-9a26-c8a3f3cf730a
308,tgirdlestone8j@globo.com,3d528cbb-765a-4e70-8554-29601dad91ae
309,gferrucci8k@psu.edu,eb678918-9d7c-4847-93b3-f43733774651
310,mmeugens8l@china.com.cn,2ea19dce-6ace-4563-af56-4908f82289bf
311,pburwell8m@joomla.org,fd6ef70e-5e66-4a82-a937-f65e64b9fba4
312,ecalverd8n@psu.edu,75a6d033-516d-4c47-b7f1-59dbf22822d4
313,bleeburn8o@bing.com,29717110-a0d5-4392-abf5-5e64e402fce4
314,asoot8p@usatoday.com,147127da-5342-499a-94a2-c49b314bee97
315,zstuehmeier8q@rediff.com,ad9427dc-726a-4148-bac2-1e91b5c16f05
316,erowena8r@merriam-webster.com,02828376-5dc3-48d8-aea2-13f06a82839c
317,sdodsley8s@archive.org,84783b75-527a-4e2c-868c-c99d95f4b243
318,reatherton8t@edublogs.org,ea308876-9e14-4696-a320-fe5f71ee478e
319,acharkham8u@artisteer.com,97a38ae8-c709-443e-beba-0202cfd3b178
320,cdudley8v@qq.com,79e695fc-b851-4c6b-a066-315323cfc8df
321,akeyme8w@barnesandnoble.com,b15ceceb-b38a-41d6-a46d-f7ee4917f5b4
322,rditchett8x@chicagotribune.com,8dda3cbf-cb5d-461f-969e-415f90cfa947
323,atumielli8y@ameblo.jp,aa7a8cd1-4a5d-485e-a5b2-000238126189
324,ghetterich8z@moonfruit.com,17da1654-c17f-44d3-83f3-fcae86b11249
325,etiuit90@list-manage.com,a5bd5c10-6359-47b5-b7b8-f7f1bcf9e911
326,cmcomish91@blinklist.com,326b56da-658f-4b47-b9d8-ee6ebd2caa4b
327,zlorrie92@webnode.com,79ee6bcf-ccf1-4b8c-a61e-56fa991f6cdd
328,ppetrushka93@forbes.com,79c3165b-a511-427c-a3eb-ff107fac9020
329,mmillam94@oracle.com,a668c62f-19a2-4cd6-9fcf-1224754c1e91
330,lgaytor95@walmart.com,3b9f87e8-d523-4374-9cdc-2371db48e1a1
331,mcatanheira96@psu.edu,f32ab485-d2d1-4f71-b1b5-2cb8d69cb0fb
332,sgoschalk97@de.vu,f189e217-022e-490c-99f8-fafa9f634f32
333,nbratton98@howstuffworks.com,2ec72a5b-fc69-4486-990d-1e88a08ed964
334,inizet99@cnbc.com,20a690cf-bd63-4a52-bf12-4e5c2e9f8974
335,psebrook9a@fastcompany.com,632565c0-16fc-48a8-beb7-05d58108041d
336,kennever9b@usatoday.com,4b5322f6-9d24-48bc-8759-1ac62768a1aa
337,dbenettini9c@wisc.edu,019bb11d-0aa3-44b4-b3dd-6410d14849e9
338,gbabber9d@yolasite.com,0dae89d2-09f4-45a5-a5dd-9ad2d0962328
339,cdodamead9e@thetimes.co.uk,a330c5fd-6c86-4573-8047-7657401a8c0c
340,dhares9f@indiegogo.com,ccee71b8-5ea2-4f8b-a07a-3c1c61644f9e
341,cbrenard9g@nhs.uk,4b7136c2-db23-4452-984a-be95eee14b02
342,kdavey9h@sakura.ne.jp,506f8099-50bf-4b64-9a28-892bbcc77f41
343,tapark9i@auda.org.au,4d838562-c4bf-4ad1-9fd5-394035de1352
344,ttriplow9j@friendfeed.com,5d05c24f-1d14-4f15-81eb-b92e9802290e
345,dfrail9k@live.com,5daf40bc-4f48-4ddb-a94f-ccbd41d86fcc
346,bsimenot9l@1und1.de,abf305f0-21e0-400c-853e-6d68ec26bb7c
347,bamori9m@blog.com,dd7eba29-5038-4aa4-b794-1aee4e18efaf
348,hkitchiner9n@lycos.com,5d9cf90a-b935-4e40-81c7-7fa8f1fb014b
349,fbole9o@yahoo.co.jp,bcbd7cf9-4c09-4a2e-a9eb-200f7fd93323
350,gbrecon9p@cmu.edu,d3e7d10c-f561-4fb4-bb66-d0ffb1dac44d
351,fphilliskirk9q@reuters.com,379d5200-f4db-4e47-84cd-55e4c0395006
352,ttravers9r@dmoz.org,e7ca3067-8295-4078-b563-30e17d0daf04
353,tfedoronko9s@admin.ch,c0070320-938f-4450-975c-1a8b87877965
354,nfarahar9t@usatoday.com,85ad3043-5bf0-4468-8db8-e74541fb79d7
355,lcosker9u@scientificamerican.com,4632aeaf-7533-423e-b491-3ed0bce0303f
356,vpett9v@odnoklassniki.ru,ab850b95-08db-4cca-bab3-7fca233a80e8
357,mpitway9w@soundcloud.com,21626396-d012-4a9b-8ccb-b0919647a336
358,osteddall9x@geocities.com,9ed76975-c872-4f00-9d43-6ba9017f4eb7
359,hcurdell9y@answers.com,521f2abb-e895-47b7-a4a2-20429467a26a
360,nbresman9z@dyndns.org,ce7920bc-3d99-4a2e-a1b1-6d4cf5a18e31
361,aartharsa0@unicef.org,6666a5f1-28cd-4f2a-ad5b-88589fe156b5
362,cjobeya1@ucsd.edu,56c2e40f-7245-4871-bc72-5c1aa4648253
363,rcrossana2@comsenz.com,768504a3-1165-4172-bc46-9f288dd0001b
364,dguarda3@washingtonpost.com,c53252d7-7850-4e7a-9270-cc46f27f4157
365,dhaccletona4@dropbox.com,89c46dcd-5582-4e2f-a408-38061bc304e9
366,aseigniora5@youtube.com,34f7a16f-c03b-416c-b885-3be1742bac92
367,nethersona6@archive.org,cfc3016f-f0e5-4e1e-951a-1dcc28608488
368,ebenezeta7@ifeng.com,68e1429a-e2ea-4ce4-8f49-33be198273bd
369,bmacpaikea8@rakuten.co.jp,01f1effb-b086-491f-bd5a-e138d1241784
370,emccraya9@amazon.co.jp,92c7cd68-83a5-4ab3-bcb0-d510d955a4f7
371,jlambotinaa@webmd.com,ca58349d-1dda-4e84-b96b-3bf3f23e0009
372,ckermathab@tiny.cc,5b444d3b-596f-49e5-b7bd-7a45f169f0dd
373,srappac@msu.edu,16a43840-0f09-4472-946c-af6ed496fd4c
374,rfelgatead@vkontakte.ru,f6c911c4-13fb-4b26-ab58-2ed753edc600
375,dskaseae@ibm.com,42427cbd-1822-4a79-b60c-647c06fab145
376,cnewlynaf@123-reg.co.uk,862d24f9-1095-4038-bfc5-fed97946eedc
377,mburbridgeag@java.com,0b806df4-48f6-4df1-999b-c23544163621
378,abissikerah@icio.us,fffe5f84-d78f-49af-819f-5e3742908d61
379,cetteridgeai@tmall.com,64978122-0cf5-4ddf-8aa4-8e6df9efd2a5
380,vpiggenaj@fema.gov,39765721-6fda-4855-b03f-3e6080c96953
381,fkieraak@blogspot.com,c2346de4-5d0a-407a-902f-0b5947c1a2cc
382,zseckeral@barnesandnoble.com,23aed492-c8ea-4ecb-ace2-02c50620ad1a
383,bgebbeam@issuu.com,0f05d501-771b-497e-beea-32fbebc5a422
384,rbaberan@clickbank.net,dcb08b15-b24a-44b0-b4fb-67a4345c08c6
385,skitteringhamao@multiply.com,98633c99-22be-48ab-afa5-df736ee298dd
386,fcastroap@gravatar.com,387e33f5-f0ca-4227-ad79-44f476c88e81
387,lnucciaq@ftc.gov,3574f2b2-a3f7-4174-9056-291edd4ced43
388,bsineathar@dropbox.com,fa2fb508-52ce-4673-ba25-8209c415905b
389,ashuttleworthas@fda.gov,5caaf142-67e7-425c-a797-05b3a8007a00
390,csealeyat@amazon.co.jp,e27f5f26-dc75-4790-987b-ef0f6a99838e
391,cmuscottau@taobao.com,175d5d90-d1fe-419a-9e91-081bdeefc751
392,ployleyav@disqus.com,f385f661-4355-4adc-979d-c79929ff7312
393,lsehorschaw@php.net,afacc76e-81f0-433a-8cab-d4c801e2be91
394,dportmanax@ustream.tv,1f5b0f2e-3aa6-4d92-8196-4f5e4e3a2a7c
395,bohallaganay@archive.org,f99c12dd-e568-487d-95e4-0d5cca9148a1
396,adonettaz@eventbrite.com,3bfa5beb-1026-46b1-a584-8368f64b17af
397,lpaslowb0@cargocollective.com,99d9a13f-e3fa-432e-82e5-eb89c683c45e
398,gholtomb1@earthlink.net,e4cf01fb-eef0-4aed-b3aa-fc89500540d8
399,cbarthb2@example.com,2a77e29e-ee9d-41aa-9e19-d9241a14366d
400,cjacobsohnb3@comcast.net,9416ce2f-0870-44d1-bc84-294bce153c97
401,gwhateb4@simplemachines.org,c483c76f-158d-431f-b3da-c65c40361868
402,ggangeb5@soundcloud.com,01528aed-3c16-411d-acdf-5ae96ddc95d3
403,wkaufmanb6@gizmodo.com,dcf320cd-2bb8-48be-86ba-785f7d5dac6e
404,jdunkersleyb7@cam.ac.uk,4ab6b27c-4228-4abf-a335-4cbfcddbc107
405,mbaudyb8@sakura.ne.jp,1e65ad41-557e-4d1c-9f7b-099bac350151
406,sfinnieb9@weibo.com,ccd82906-9f54-481f-96d5-767036b1df45
407,jheartba@naver.com,d2f20678-9e08-4993-9427-a3c79dea788d
408,cdeggbb@livejournal.com,2c7bdca8-4809-47db-9800-58667473452f
409,abeevensbc@networkadvertising.org,10e5183c-086e-4eee-a92d-d095129c0d50
410,awillmorebd@sfgate.com,39a7a4e4-0c5b-42c6-b065-cee25d0c3dfc
411,gthemlbe@pinterest.com,acb8cbba-19b2-4b43-a8d7-38bd92e25590
412,gmaillardbf@scribd.com,822ab5b3-d833-4954-ba3e-28e45e340b66
413,aguilbertbg@hexun.com,8cc5db63-d51a-4654-abbb-a2179f6bca24
414,klacasebh@drupal.org,55c77dc8-14d9-48b3-a7bc-fcf29dcf368e
415,dmccrainorbi@vimeo.com,1020bd2f-c03c-4fb6-8935-e8389459e60b
416,kgrassibj@nhs.uk,d2b69698-b91f-4087-a30a-3dda9d98f0b0
417,fcecchetellibk@soup.io,2033dab4-fd26-4922-a187-bb7af723731c
418,twestfrimleybl@yahoo.co.jp,27f51280-9e5b-4bef-aed8-ab4ff3dbb7aa
419,nkeepencebm@washingtonpost.com,1d627ebd-caef-45e8-9d13-b07e33f96708
420,dhurnellbn@purevolume.com,37182831-f5c8-4bb6-8b8d-8628dfb6af7c
421,qflatleybo@japanpost.jp,14d651d3-2fdf-4339-b5dd-2d47c07ec952
422,emcareaveybp@shutterfly.com,24d8b05b-1c5a-4ed5-bcc3-8ab03c90d41d
423,sritchmanbq@tamu.edu,5d5c44f9-58a6-42bb-bcf1-846ae655672f
424,kspringthorpebr@reuters.com,83edaa64-b873-43d7-8661-ef73ff5a2d5f
425,baskewbs@sogou.com,b6d09356-85f1-4435-b08f-1f5d19505c14
426,jwollandbt@ucla.edu,ce41d953-1dad-44a1-adb2-917a8fed4927
427,feyckelbergbu@com.com,11971751-1f6b-41a4-9d06-cbd4031fb56f
428,ecorrbv@washington.edu,f1d718ae-18e1-4abe-99e3-79856339c184
429,amayburybw@spotify.com,264419ff-9e34-4788-bfae-b1d332eccb67
430,bhartilbx@bbb.org,9508fe54-7c96-40a3-9522-08e3e5e4a6c6
431,mkyddby@studiopress.com,08799a40-eee2-4114-b65b-ec060fbfa063
432,udockerbz@timesonline.co.uk,a77eb770-af0b-4dba-acaa-45a4705c29ad
433,fbolzenc0@adobe.com,e0520b90-cfed-445a-a718-a8124a11acaf
434,gmuckloc1@independent.co.uk,52e997ea-305a-4e58-bd63-015ee31165a8
435,acleveleyc2@npr.org,3e78fc8b-db5b-4e1a-b226-c737b6ad26d9
436,tcalfec3@ucoz.com,e8708af1-5141-4590-b11f-6095b4fa4091
437,pjaegarc4@mlb.com,990c16a6-850c-4575-a28c-8a6fab71aad2
438,echumleyc5@salon.com,8523a230-05bf-440a-acea-e30efc1bc5c9
439,tplessingc6@posterous.com,c472afab-2205-4c37-b08b-9947b55c0eb1
440,fjanjicc7@geocities.com,78ffb737-20e6-40e9-87ba-037025d0ca5a
441,ariepelc8@reference.com,2f29acd5-c3f4-41e2-a69a-626cb90de464
442,abythwayc9@blogtalkradio.com,203608b5-ba1f-4dfe-bae9-905fafe66311
443,nkitteridgeca@simplemachines.org,11c991d5-aa3a-436b-a146-c1c207cf8a73
444,bboothebiecb@devhub.com,9f51a800-026f-4345-ac92-42c77e4a2f98
445,ctschiersecc@weibo.com,30571cba-9320-48ec-b7e9-77b4dc18505a
446,mbottomscd@instagram.com,353f3977-f76f-4252-bb4c-62d8feca3edc
447,zelseyce@ca.gov,8990a49b-3bb8-4fe3-9d9b-a37a2d7a9961
448,aagasscf@g.co,8d0a3016-fb5f-4c7d-be4a-fcb074896d43
449,fmurtcg@wiley.com,cbaf28cb-d502-4bb1-96cc-c7ffa1e50c60
450,wphaupch@is.gd,4ab2632f-7a68-4b6c-a2e9-ed0f22cab7ae
451,rkealyci@prweb.com,aab2eec6-3ef3-4cd2-b108-94ef22efcd5c
452,jholbarrowcj@cloudflare.com,771531b7-7a53-49ea-a8b4-fccf22bad91b
453,hwillmerck@goodreads.com,f99501ec-7f48-4730-a881-c91d553ee62d
454,mpaweleccl@sbwire.com,6e107b04-bf41-49af-b86d-1f51ba65b3d6
455,srolycm@github.io,a7eeb458-16cd-400a-adc8-2d2badbab0f0
456,aallottcn@bloglines.com,751a1a6f-f610-4913-aa81-773a069e5129
457,cquarlessco@europa.eu,24606481-0c0b-4996-87e6-fb981ad378cd
458,tlohmeyercp@foxnews.com,c6f1b493-5cb5-44a0-82e2-2aaa2a856f16
459,jmccuecq@bloglines.com,16cc74eb-6e12-4cce-9aa0-d6fd8a83a5a4
460,aaierscr@amazon.de,f03f1544-b6d6-4e25-8567-9e9d6e5377d9
461,klindorescs@home.pl,b48e29d5-6ad9-45ff-98fd-53209ef31b99
462,hforstallct@techcrunch.com,8deaf182-ff31-485e-b770-6f7aef606aa7
463,pscamwellcu@hatena.ne.jp,867c38b3-ab74-4e5f-9676-a04956aa6710
464,mvakhonincv@google.fr,4d371bb3-cb0e-4362-9148-ff5a902a0da5
465,ndorbercw@sciencedirect.com,4bad37b8-51db-4753-91ae-b696a7c7c3a1
466,arizzellocx@usnews.com,3e733c5b-4708-419f-995b-f8c55b1f3d9e
467,fvaughtoncy@mit.edu,0549ab8f-c9b9-4b64-bf3b-82c8fb91bc0f
468,ahawkencz@wordpress.com,f2436c0f-5f5f-42f2-b58b-6094b87f627d
469,ihenaughand0@cbsnews.com,ebb8f8d1-caa0-4746-82be-36c4448d5bba
470,fyersond1@google.es,60d7bb64-53f6-40bd-a240-e400ec8e8ee0
471,ofortuned2@redcross.org,22a16f7f-5247-4bcc-b21d-20cb8962ed93
472,cswindind3@huffingtonpost.com,1b1ec5aa-083f-44dd-b720-68e4575b72c0
473,jglassfordd4@geocities.jp,907c2cca-aeb7-411a-9014-22f891090f8e
474,echessmand5@goo.gl,0c4d5279-ad0d-4854-97c0-e707a33f17f0
475,hgilbrided6@prlog.org,fee52d4b-9cc8-4738-8456-628cc6e7cc3a
476,gduckerd7@51.la,2db5cf78-0ff9-48a9-98c2-81133e9997b4
477,mcantopherd8@cnet.com,899d184c-7989-4e66-b1c6-0495ce430fc2
478,acranhamd9@gizmodo.com,ab63975b-b734-4296-aaf0-15c0c4c587d2
479,bturneyda@vinaora.com,e64b9e33-806a-4635-a814-3fa5c5fd561b
480,cleedesdb@desdev.cn,f75e3d21-9479-4c43-8cb4-ea1552460326
481,syeatesdc@whitehouse.gov,b3bf653e-66a2-469b-aace-8e5ee71c7a15
482,cmcfarlanedd@utexas.edu,669b8a71-c81a-423d-a19a-987af48f43e2
483,kgatheralde@ucoz.ru,8e378ba5-544c-4042-a79c-7eec18a5b60b
484,zenserdf@ed.gov,9f5736ac-9536-418f-99b9-fdace75e7f50
485,abrandassidg@abc.net.au,aa8046b4-2231-473b-8a1b-6dd291882f93
486,ojordidh@issuu.com,06550ee5-7dc0-48e8-85e7-c52b552e9204
487,gwillgoosedi@washington.edu,e3c3c5e4-c364-4139-a6c0-3af4c5d64866
488,eskakunasdj@dot.gov,3dedb4cb-932d-48db-92b5-46266974d86d
489,gtribelldk@utexas.edu,4f01acb2-0039-4432-a975-2910cb3b82af
490,cmarietondl@wordpress.com,24c4a792-6af7-4cfb-8d38-00aba8ef5f1f
491,pthirlawaydm@tuttocitta.it,fbdcf08e-1eb1-42d5-9ef5-378b2372e53b
492,rbabberdn@tmall.com,02d43f4d-0c79-4f84-883b-de79a0f41204
493,latteridgedo@house.gov,d12f8fc7-bd71-4ca4-958f-ae943621239e
494,dcreasedp@desdev.cn,c9722986-5b1a-46ef-89d1-07e77b2119b3
495,bboisedq@fastcompany.com,ef105d66-b4e6-4d0c-936d-f0940ee08b93
496,sassantedr@furl.net,21cf43ef-c3ba-476f-9a07-c03629c2fc0d
497,srodriguesds@indiatimes.com,2ccf227c-1254-4346-b8f6-6e9555084bf6
498,mschirokdt@jigsy.com,6e5b5fb0-dcc6-4dde-b0a9-28d861774f9a
499,piorillodu@nsw.gov.au,f8b093aa-84a2-42c0-8613-49e10e536996
500,abellsondv@cnn.com,fdf17545-6fbc-458c-8d8e-d94a07bf2360
501,nbenniedw@list-manage.com,e84f63a1-6339-4218-8a5b-9d6a885992d4
502,cgeistmanndx@guardian.co.uk,3f1dc488-90e9-45f2-a9b5-dec8d17015ab
503,mduxfielddy@aboutads.info,56bb4118-f5ac-40ec-84fa-789d308d7b9e
504,uhalesworthdz@discuz.net,4d28f211-bd47-4386-a790-dd396c047e86
505,smccathaye0@tuttocitta.it,7e21dbbd-7ca2-433e-9d72-f8426bdd7042
506,dmarconie1@t.co,f10f7da4-189f-48eb-9a28-163c1d5f000e
507,cmcgilvarye2@booking.com,d58ef6ba-3af1-4f04-bfe8-15f78294d7f4
508,vbunclarke3@slideshare.net,e6188691-af7e-4f3a-995a-dff9c10b5bf2
509,vhandline4@soundcloud.com,30ebab09-e4cb-4e33-a9e3-710e445f108a
510,ehorsburghe5@vinaora.com,cca0d5ea-eac8-4c1d-a055-dbf5595a2db3
511,abeige6@yale.edu,b0227233-a648-4354-a9ba-e8008fbdfef9
512,rpagitte7@house.gov,cca5607e-ad45-4157-857d-a372bba13860
513,rspaldine8@discovery.com,662af23c-80d3-4d2b-b4e2-4d6dbd878b5f
514,fcoveleye9@fema.gov,6f68cf5d-8000-4ba7-be42-4a2e0a4ee30e
515,jgreenardea@dailymail.co.uk,c049b80a-4a06-4d11-b225-abcac199f001
516,escaweneb@friendfeed.com,be3a4564-6116-4449-afea-04b0b5894654
517,owhittersec@cnn.com,77b73087-ffc9-4c57-98e4-56dc0dfdb5bf
518,bjorined@nifty.com,b7afa749-b33b-45e0-aa96-8ff8d7d0a4d3
519,lredsullee@aboutads.info,97485e98-6f8e-458b-8c87-89bb400a82cc
520,sbreachef@globo.com,5b66ef7a-7947-4c43-af84-f9df26ed84c0
521,croggerseg@scientificamerican.com,1f05faf0-59d4-4601-9598-255752932bb9
522,cdanilyukeh@statcounter.com,bc8ff7d3-2a00-449f-9c37-e7f0f4f16626
523,gaprahamianei@bandcamp.com,cc797cba-64ae-45e4-8f54-0047f40752c5
524,tbrettonej@w3.org,841ec148-d1b8-44cd-9ca8-e8daca69c31a
525,sflayek@scribd.com,f8bd2307-33c2-40f1-83d7-e95f6a493595
526,jleadbeatterel@technorati.com,f342c6c7-c0b3-464f-9247-a1d4c5438ec4
527,ahorbathem@statcounter.com,95018fb7-d66f-4681-9e4a-55165ad2c15c
528,rrunnallsen@indiatimes.com,16f24df0-e1c6-4b5a-9048-314fee926109
529,mriveleo@go.com,668f9877-0584-4032-a139-da7d4f0014d6
530,hbourgeoisep@google.co.uk,1b778bdc-c751-4062-9813-22826feb8efe
531,vgardeneq@tripod.com,f0d4ff61-d668-4c02-8867-507e19bf16a8
532,vwaferer@answers.com,cb73b236-5b21-4cf0-af51-7d0f89c043db
533,mdownees@statcounter.com,01fb7e1c-8d69-486e-ac93-25a45d624d3c
534,celgyet@xrea.com,f1b43424-e1cf-44f1-b8d5-72fa974cf5f4
535,eclemenzieu@paginegialle.it,d97507db-0479-427c-ac99-9a4f53d69fbb
536,tdawberyev@dailymotion.com,8b0be875-56a5-4f02-a797-6059da11b6f4
537,lbeloneew@discovery.com,bae1aa8f-2b12-4ec2-96bf-633e398a55e1
538,ctrobeyex@friendfeed.com,cf9e961c-a05b-4f9d-adc5-6879a70ec31f
539,cprophetey@freewebs.com,fde27e7a-ea80-447c-b258-ba1c8768a7a7
540,gsykoraez@123-reg.co.uk,f593fcd7-05d1-4fb0-baca-c1ce24cc0772
541,smullardf0@nsw.gov.au,f8d24458-def3-4f56-b14d-1314a9b58c2e
542,nlusheyf1@mtv.com,5befdc89-5f99-47d7-a903-aa0bbf033306
543,lspickf2@harvard.edu,c061af3f-5b44-488f-af29-200d72732bf4
544,cjozefiakf3@parallels.com,08ba05bc-9933-4a70-a7fe-d9b5e8f2d5fa
545,mtottmanf4@gnu.org,dc90f1cd-6316-441c-a36d-bec1d2277739
546,bkesonf5@newsvine.com,ab0037d4-2c00-4daa-a414-2723c33b9eb8
547,jhallattf6@cnbc.com,f33e6db6-2226-495e-9782-c27cb9e411e0
548,asudlowf7@businesswire.com,e5587202-2785-4b68-9064-278b124c0dc9
549,ddutnallf8@omniture.com,1beb8e3e-6fd4-4a26-ba25-f720330f2f6d
550,tpuigf9@sogou.com,8d687dd2-9fcc-4e34-986c-7145729b3e4e
551,mcrowfa@sina.com.cn,c5f9c500-f536-454d-a555-6a80612e38e8
552,bneavefb@amazon.co.uk,991846bf-8897-4a57-bc22-afe26f00e56c
553,sbjerkanfc@plala.or.jp,a2b601b3-b78f-45b8-b9dc-a9eaffc74863
554,dbrittanfd@google.it,0ca58957-736c-48b5-94fd-b9e39e031d84
555,rbeinefe@behance.net,899371fe-427e-411c-bc44-4413477643b2
556,rwoliterff@bluehost.com,033b8b1e-7ea7-4ee6-8298-66342438d190
557,bsallanfg@wiley.com,9d1c82f7-e266-4b50-ab00-1c9f32b39024
558,skatzfh@europa.eu,77062ac4-aa49-4f78-9546-57d8ce902a96
559,zbastiefi@about.me,0ed96e2e-5e01-44cf-ae8b-892bdbd33fa8
560,htimblettfj@i2i.jp,c979c573-cc4a-49c2-b275-3e019b9caaaf
561,rdouthwaitefk@liveinternet.ru,0fabcc18-4abe-4a9f-bd70-adb1fdff09bc
562,afernsfl@list-manage.com,c2e15391-bde5-4c18-98ba-bf764859c544
563,ksmyleyfm@slideshare.net,0afa210a-ff1c-49d6-a0fd-088d778ca9d3
564,dratcliffefn@squidoo.com,35c80c2b-1d1a-4776-a272-ec6d91779db1
565,cligertonfo@goo.ne.jp,2abbd388-3fc8-43d3-b331-6aabe73c765e
566,laxellfp@arstechnica.com,ab663adf-de51-4f1e-a530-34c8b97b38ce
567,kcopynfq@si.edu,4e29c679-7ec1-4432-a7bb-e4e21f2691f8
568,tgallegofr@home.pl,4c98b6fc-6f03-41b6-b669-9b690aa2598d
569,gmatthewsfs@nydailynews.com,cb93873f-37e1-4129-ba6d-51b87be439da
570,sraundsft@163.com,ee591a7d-291e-40a6-813b-4fa170027cd1
571,bflippenfu@dailymail.co.uk,dcc4947a-2961-41e0-aab7-553f27370708
572,dblythfv@unicef.org,126e8d57-b6c9-4d91-be06-9e25c6d51c60
573,eitzakovitzfw@prlog.org,c34f49f6-74a4-4a1f-a72b-d5974b824126
574,drolfofx@marriott.com,6b41f3cc-bec2-4db6-9e4f-b05901a40c3d
575,bolivofy@bigcartel.com,510f9768-4208-4249-8a28-95f5cd6e9f5d
576,pkeitchfz@cdbaby.com,56bbba96-c264-4252-8d2c-a2c08a4ed35e
577,mhallettg0@e-recht24.de,4c5896eb-fde2-48cc-80f5-56a77cc3bd43
578,fgoathropg1@twitpic.com,248ad5a0-3d85-4b00-a1b4-f2698d620d4f
579,hpropperg2@dailymotion.com,cf319c90-9bfc-4006-9a55-10291a0be08b
580,cboylesg3@mozilla.org,e744ca2f-e056-417b-ac1a-f0000fdb2adc
581,cyemmg4@yolasite.com,40168740-66e0-49d2-a0d1-72f465a53b41
582,bsearbyg5@mapquest.com,165ad8d7-b8c3-4f28-8e6c-7de3ea9cf1d5
583,wfinkg6@godaddy.com,5f33a903-39e4-4104-aaaa-4e0533027ae9
584,jsurgeyg7@ca.gov,0cae410e-ec29-412a-b89c-e43a50fdb413
585,rtippettsg8@skype.com,90438fd8-0999-40dd-8c81-d81d271f2e62
586,iarletg9@free.fr,1b163c42-b446-45f8-8b9f-0b732afb1f44
587,vtottlega@booking.com,ac314f8f-3925-4538-a302-3848adcf3067
588,aboritgb@odnoklassniki.ru,84f84b6a-6a72-4952-b1dd-7b73a2ee564e
589,nbeeseygc@fda.gov,0eb3a95d-6276-45cd-af08-09cc65ac4108
590,sshailergd@flickr.com,b03bf59c-0061-4730-9c57-66e125e823a3
591,agorstidgege@japanpost.jp,9eb61651-828b-4310-abfe-d3dc7cdb27ea
592,jlowthergf@howstuffworks.com,728342b5-69a6-483c-bdc2-b473eaf68a65
593,cwhittletongg@engadget.com,d1eb6032-d75f-4468-b085-bc6d20e1958d
594,cgoardgh@ibm.com,25a27a8a-7cec-4130-9cea-482191902286
595,dcicerogi@friendfeed.com,eb44b5af-2741-4aa5-b3b8-32d32e688a9f
596,rantushevgj@usatoday.com,3537470e-f6e1-473b-96a2-8c6d2350af3d
597,rbondergk@state.tx.us,8e603067-47d4-4c25-8ecd-3f87513aefa1
598,tbrientgl@goo.gl,79379c40-5fd0-454b-b457-8b558f2bb541
599,cwardalegm@weibo.com,cd3ae827-704b-44f7-9fd2-66a56b1174d1
600,fclerygn@tamu.edu,ded606f7-12e0-430c-a045-01424179173a
601,tzoanego@harvard.edu,3535df39-38c7-4727-b241-ca29a5c52a18
602,honeillgp@mashable.com,706e4535-c501-403b-8d38-cd011c653f8d
603,mcominsgq@nydailynews.com,312a19ae-094d-40b7-9e83-01d73dabe322
604,mlinforthgr@unicef.org,b61e5362-ed70-4ac2-b222-87ae75dbed68
605,ttabbernorgs@bloomberg.com,6d344aae-62fc-4003-9771-ce0d09f459f6
606,opluckgt@nasa.gov,fe9ce942-24ba-45ee-adf7-a6f9f47af47e
607,rredwallgu@loc.gov,8ca02474-c379-4863-b5c2-a012d9d8b2b7
608,ajoyegv@bloglovin.com,f95c61c8-ed94-4adf-a428-caef81640a8a
609,ahawneygw@slashdot.org,71199893-d3bc-4d1d-b9df-0c439b9add41
610,grefordgx@hostgator.com,8d15251b-112b-47ca-9d9a-2fa28907e7cf
611,mbenergy@alexa.com,d4bbf8f1-7dbc-4bfe-9d01-136d39baae63
612,aflintgz@sciencedirect.com,f3c98c3c-634d-4fd1-bba1-a63bace3d699
613,dmayorh0@chronoengine.com,ecb2816e-034f-4ee7-a470-7918f2590523
614,dduffeth1@joomla.org,1462f952-4ac2-481c-a203-b4941112e67f
615,bsuddockh2@ed.gov,9bb6cb9e-99de-4177-96e5-53301f1915f3
616,ljemmisonh3@scientificamerican.com,ffd0f83d-7d68-4f80-83c9-f5fde14f5578
617,tverickh4@wikia.com,70fe58d1-556f-4346-8a42-15d38fb2c6da
618,lpoleth5@google.de,a6762c5c-b978-418e-8be0-8c5dc0b8faff
619,jtytheh6@shutterfly.com,99d17783-52aa-47a0-a580-051ae5648afc
620,mrickertsenh7@wikispaces.com,2982a85b-ddc6-4500-9ed7-4224615e0dd0
621,jglynnh8@pen.io,758b7d37-7413-448a-8fc2-79367744e5a0
622,sbrizellh9@ezinearticles.com,4c0fd94f-0583-423b-9d1a-d5150a9028e0
623,golensbyha@dedecms.com,33b28bef-aa91-46c9-ba3f-00dd69d7a3af
624,eambroginihb@usgs.gov,1b29b0cf-43ce-4674-b1b3-6e9a4f6e64f3
625,sklewihc@businessinsider.com,40ad27c6-3a6c-40c4-8696-4c22dec2993b
626,mdudhillhd@miitbeian.gov.cn,bd5eb149-0053-4ff8-bcac-fb5b08be5d52
627,ksheerehe@jugem.jp,5c23da8a-6849-405d-af0c-bb360272a002
628,slarcierehf@shop-pro.jp,c6032f56-e0b6-4ffc-9203-cf150239eaab
629,mmeyerhg@bigcartel.com,b20c2985-eaa6-4f47-a884-cfe9fe948d2f
630,cbattershh@google.co.jp,1ecaafa7-6e6c-446c-8b4a-e7c9ce191576
631,dtwitchetthi@sina.com.cn,6ecf3ab7-1201-4876-b4b9-382ad0536840
632,sdoyleyhj@hugedomains.com,2fd60a33-d7b1-48f8-b04d-b77a85859f7f
633,ajansemahk@theglobeandmail.com,4ff6c11a-7f43-44d0-9a4d-a6a6e4261aeb
634,dfeavershl@shutterfly.com,094526e5-09ff-471d-b7e2-9821c9f2d329
635,ejikovskyhm@blogtalkradio.com,85ee7feb-dcb9-4bf7-9df8-a07b46aa7afc
636,gelcombhn@vkontakte.ru,b6c43cb8-2f35-4be8-b5d6-aff90d8462db
637,tjackwaysho@uol.com.br,b444c373-a683-4805-8c54-05e38c92789b
638,tjuarahp@alibaba.com,985ec025-a84d-4b04-b41e-e8a8ceda6d0f
639,mbovairdhq@answers.com,8ebf1066-d7f0-4bda-af82-baff90a8be02
640,rbosomworthhr@scribd.com,1bbed41b-40b6-4af1-9cac-9aa00514c613
641,mcosgriffhs@homestead.com,f1de7535-135d-4c7d-8fee-86a2a4d070d1
642,wrowatht@sogou.com,6b6388b7-7c97-4abf-9510-9ac57b187b01
643,fdeerrhu@cdc.gov,9b8d74b7-abec-4df0-808e-cb9db7b809c8
644,idubosehv@comcast.net,9c63e6c2-72a9-4038-812d-e3853d3ae8b2
645,stoomeyhw@mit.edu,a5c96e92-8311-45b1-aa71-f05f21f01178
646,tkyffinhx@twitter.com,ff0a1bc3-5e74-434e-8289-9126da262680
647,kfaldohy@sfgate.com,60762058-b0b5-4ab3-bc72-68ef9a2a3cfa
648,emauldenhz@redcross.org,974c5b12-01ab-403e-aacd-7f2987a7046f
649,fzuppai0@parallels.com,777f48f8-ed73-4773-a6f1-b18b4aac6663
650,mtreveni1@nytimes.com,7e761829-f5e8-47c9-89f1-01adb6da9602
651,joakenfieldi2@ezinearticles.com,0ed0b738-3132-49d2-81b6-ef9ac4d666a7
652,oolpini3@google.es,139ce553-41d9-4932-9e1d-4317b3bde65e
653,lramalhetei4@twitter.com,e9e8e922-e8e3-4d73-9884-2fb66bf2cc70
654,lpendreighi5@weibo.com,43197f1c-5e63-4ffa-81c3-7bf7024fdf69
655,jmcgregori6@pagesperso-orange.fr,518c53d5-8913-45b5-b350-4f67973f2d69
656,terwini7@uol.com.br,6e4c6900-632e-452c-8619-bb6cf7f758ca
657,jdarbishirei8@cafepress.com,96fdbd9b-b5b9-4240-9049-a3e02b2d9ea3
658,raldusi9@dailymail.co.uk,3bc43d1e-41bc-4b9a-9f50-966a2388a35b
659,ashuggia@stumbleupon.com,42e90ce4-b4d4-4183-b0c6-aa356846668d
660,hsagrottib@privacy.gov.au,f1d1ff72-afa8-4bdd-8294-cd5e2fb48c96
661,nhaspineallic@sfgate.com,4347a3a5-7a98-4480-ab00-7ea88e246c11
662,uvannacciid@earthlink.net,640cfbac-94f8-47e0-adc9-7a984d8ba934
663,afaslerie@si.edu,bde6a96d-4186-45f9-abe7-e8d8eb3ee3c4
664,sdrinkallif@sbwire.com,5924fef8-c751-41c7-97ff-ad6528cdbf43
665,igourleyig@jiathis.com,b6a4ffa4-7867-4c88-a8fd-f27be5a7e73b
666,ijayumeih@army.mil,90a97395-efb5-4599-8e81-dd43c67ee84f
667,rkilleleyii@dyndns.org,1235ebd2-258b-4d61-a147-41a812c9d33b
668,lreisij@cornell.edu,9d1336f2-251b-4e99-881b-443220818526
669,tmannik@merriam-webster.com,f5c4230e-2376-4064-8d87-bd7757c66a33
670,rredgraveil@redcross.org,b11c08a0-65e8-44d6-978d-618beaba8325
671,eblaszczakim@vistaprint.com,e8075e6e-c4dd-4ce9-b18b-21d0b6dd9518
672,bwalbrookin@businessweek.com,72588684-3b15-4d40-b137-a1d0fb46590a
673,ctingleio@usa.gov,35b59ffe-c972-45c7-8b71-70c30116a3df
674,mdustingip@istockphoto.com,6ee9be2d-3087-463b-a205-c39bfb5bf354
675,sorrumiq@sun.com,60c0a627-5bc9-437e-b438-183dc689c187
676,scoweyir@gravatar.com,98f5689e-14f0-4e41-a3ed-61637d62daf3
677,sipgraveis@google.it,2dfc65d3-027d-404b-a2c4-ac271a6fcc22
678,rnorcuttit@diigo.com,3cc69434-e4ad-498a-8d31-5526f9d46a8a
679,gjoskovitchiu@whitehouse.gov,68a8252b-0940-446f-a559-4549b932d8e8
680,ophillippiv@prlog.org,5cf30968-7b17-4ae3-ac4a-4a2c4ac7f7aa
681,hbenneiw@qq.com,a98aebb2-6d4f-40a0-882c-30e184986bca
682,fbeevensix@europa.eu,f56ddb6a-7790-4282-bcfa-ed5893ce02cc
683,ttommeoiy@ning.com,70d96629-ae38-48b3-8bc0-49e8d7cbc27d
684,srubinowicziz@cyberchimps.com,7cd1cfbb-34ef-4750-b5e8-e7e85a26744d
685,eserotj0@omniture.com,d9334ffb-33b2-4e68-8a50-e6fe34f9d8b3
686,akiosselj1@fotki.com,b759d314-585d-4efb-9790-53362005aa14
687,htweedellj2@marriott.com,8754990a-899e-424f-9d40-d49ce1635ec4
688,ebartlettj3@sohu.com,da38572e-1221-408f-ad4c-6ca5d886df25
689,ybernj4@people.com.cn,2a7e444c-8d57-4bba-ab78-427bf542de5c
690,areggianij5@rambler.ru,5c019943-2dce-47eb-b53e-73e08d05edc4
691,acarltonj6@etsy.com,9516e893-350d-4b49-a917-8de2d6e860c7
692,obennallckj7@census.gov,ae7b51cf-d753-4a09-a0c7-8e467b0dbf88
693,nburcherj8@wsj.com,a9162baa-adc0-446c-a588-6c6b1c3c31c4
694,ahuguesj9@thetimes.co.uk,146f8883-c1ff-4633-824f-82140bf9eb35
695,lcristofoloja@biglobe.ne.jp,4b95720e-1f8a-4ab2-af82-4a8adc8e7fbc
696,jgierkejb@gnu.org,7a8cff52-cc72-4690-aa77-6f046853fd14
697,ygirdlestonejc@soundcloud.com,9ae9ead4-35dd-4cc8-841a-06e8e958051e
698,estantonjd@tripod.com,f75feb20-dfba-4f19-9fb1-ba4a51dfafe7
699,bredgateje@deliciousdays.com,34f99c09-c093-492f-966f-9bcf3b64a496
700,lcordeletjf@aboutads.info,ec4fd089-47c9-4ef7-8df1-a26e56f8449a
701,chemerijkjg@epa.gov,760922f6-bbc6-4959-ba9b-a30025df9632
702,ecammiemilejh@wordpress.com,e2930630-d678-4a91-9524-e56f3cbd2887
703,dlembkeji@infoseek.co.jp,2d4a775f-7d89-4da7-9ed0-6037597a1029
704,ebetkejj@mlb.com,29f1bae9-56e7-49ef-9b89-d609e5adc70e
705,smaryetjk@elpais.com,69765a6a-fece-46d0-b98d-7405d60ecea8
706,mstortonjl@nifty.com,4fb36c6b-f231-46ce-bd4b-59b6eaaaa790
707,cmacquakerjm@friendfeed.com,3124e7f6-073d-4c2f-9b53-21dbc8f019b0
708,dlipsonjn@myspace.com,bdbd881a-b9c0-4019-be3e-9867adcc1acc
709,kbraddjo@google.com,0eed2eb4-ce13-4624-a6cf-35274955d055
710,dpearsejp@sun.com,41bcdb58-ef04-42da-9714-bfaa7d9642c3
711,twhitnelljq@istockphoto.com,f95a93c4-2a39-49c3-ac6f-d199b8a7a0e0
712,muttersonjr@yellowbook.com,950d806e-20d7-4dae-b29d-c395a57c5800
713,bgovejs@squarespace.com,bae29a3b-9df1-4d80-9be9-0d3d521f677e
714,nkrollejt@mashable.com,31bcd85a-1ed9-4e97-9b48-8a51e15e57e4
715,mmaragaju@nyu.edu,0aee16e1-af38-4c55-aa04-15dc0ae82d3a
716,sbrinklerjv@tamu.edu,f8af48b5-003c-4925-8953-8b3377c22b67
717,lkrinkjw@oracle.com,c22535f7-50d2-49fc-b6f7-7414aac4cbf5
718,mmerwoodjx@yolasite.com,76f57e33-cd3b-476d-80d2-63e4743e620d
719,dorchardjy@pcworld.com,0ca5a880-13fa-4f15-9877-b4a052faf4e3
720,nludvigsenjz@github.io,a4ba4c15-a214-424f-bc65-267762c10ab7
721,mklimkiewichk0@multiply.com,62a1d390-eb43-4a2b-875c-cdec846b4364
722,wstanbridgek1@bluehost.com,8f7fd41b-44e4-4439-9f7a-d217438784e0
723,aobertk2@cnn.com,f6376827-8c08-4ee0-9359-afff250445b8
724,amuckloek3@dion.ne.jp,b22185c1-f3f4-423d-a6ed-6fccc67cffa5
725,mpaddemorek4@mail.ru,04c9a273-336e-4115-8bae-5c3dc1232226
726,lbilliardk5@histats.com,650ea98d-72f0-45a3-9852-75306322a1f7
727,tewartk6@huffingtonpost.com,c80d9c55-b890-4371-98d7-ead329defb15
728,mmershk7@seattletimes.com,05138d34-8523-4825-b39c-81b5454d1016
729,lortmannk8@un.org,6c6c35da-b281-4caa-a670-12cbc3866d61
730,igillesonk9@webmd.com,0686ee83-ec98-433e-bebf-3a2dcb3cfc7d
731,elaibleka@tripadvisor.com,dab7ff1b-885a-445a-a780-73459869de52
732,wgildeakb@qq.com,84a04e7c-8aab-40ad-b8b7-eb4cc84f21a1
733,gmcnirlankc@blinklist.com,820e67e8-55a4-4676-b56a-8bcb8407bf67
734,ibenezkd@slideshare.net,f9dae327-d4ca-4926-a570-f1e11b149f89
735,msizeke@spotify.com,380e1d6b-3bd6-447a-ac8c-8ebf8a321df3
736,kaviskf@google.cn,86f76f0f-f1b9-4570-be8d-88065653409c
737,wgranvillekg@ehow.com,f54edd6d-4b1c-4ad8-9d37-9ac25fdf258d
738,ukearykh@imageshack.us,0cc3de69-bbfa-4d7e-8e00-ac9e207c9154
739,jdavidescuki@wix.com,542986f1-93ea-4569-9829-7a69790b3ccf
740,uperduekj@aol.com,c3dbdbab-6eaf-4312-8e11-96752bf38822
741,mtorettakk@nasa.gov,6445299e-5f65-43fe-a63e-968298460641
742,jmcevaykl@google.nl,f406a952-9763-459f-81d1-b1cc7c91dca3
743,btroubridgekm@telegraph.co.uk,f92c1738-cd0d-4077-abf8-31df568b85ed
744,gthainkn@yale.edu,bae8ab63-cedd-4a32-8d5d-05451d1fee27
745,hlineko@skype.com,b5e99555-2598-4f3c-9adb-26a1d5166945
746,lbaukp@washington.edu,77ddbf59-30bd-4949-9448-f16ad0528e06
747,hgrzelewskikq@ca.gov,9113c146-e896-4f10-885b-edf3683add98
748,kambrogiottikr@europa.eu,fbf491bf-5e1f-45e2-8b49-0087f945b80d
749,cscholzks@sun.com,1620ea57-bc7e-4bb0-a0cd-f61d3b2f5d72
750,fchomleykt@buzzfeed.com,86fd2cda-634c-4382-af11-0f3969349060
751,anorvellku@twitpic.com,46a229b0-7fba-457f-8422-fd0419169fbc
752,aswangerkv@bbb.org,3b6e1586-0791-4fc8-a6ed-85aa3c885394
753,fphinkw@eventbrite.com,cf25c400-41c6-43a0-bfda-ff0e0f67fec4
754,rbrotherhoodkx@delicious.com,1163dc7b-3ad1-484c-9580-77d96f8a87ee
755,gpowleyky@wufoo.com,28453624-17ae-4138-a28f-820e2875c95a
756,mtothkz@dedecms.com,8fa2a5be-c543-4f5a-b2b0-855f297e7202
757,jtowerseyl0@mediafire.com,5d0b998c-b57e-41b8-b151-d65c34bf295d
758,tjakabl1@free.fr,3afc37b7-c747-4722-8401-aa2f7b631cd5
759,mpeetel2@blinklist.com,68580c04-78e3-4952-9ee4-fe2155ead214
760,tabelesl3@geocities.com,0b5901b1-3d63-4805-93de-0a482545fbee
761,bsaphinl4@sina.com.cn,fbd2c803-f52f-45a8-a6cf-68db571a659b
762,lpinsentl5@github.com,5bf2d23d-472f-4988-a698-ee0dcce72490
763,rdymondl6@umn.edu,1aca51c3-5462-459f-8c2e-f1b194680e09
764,hlittlefieldl7@symantec.com,965784dc-be8e-4045-86a0-4e9eb69de86b
765,lhowlinl8@ucsd.edu,b8b8e196-902a-4d51-9861-8df783b124fe
766,klanfranchil9@google.de,413b92f9-b52c-4bea-bd4c-9a441f7675a6
767,sriditchla@engadget.com,aa1f69cf-5e45-4f0c-9451-6122fdb1408e
768,furridgelb@instagram.com,798ffac5-131c-43da-afe4-4f5eb711c280
769,cspeermanlc@com.com,9b47d0c4-8177-4955-ad06-5ad210f119fb
770,hlawsonld@fotki.com,2b851192-505d-43d9-9a7d-a0201c59e8a7
771,ghruskale@yellowbook.com,9fcd36cb-eb85-4b8a-b77d-5ec229f83556
772,fmcgalllf@delicious.com,9be48b19-dc54-4c20-b908-3a313b30af89
773,dwendenlg@clickbank.net,ea92f841-144d-487b-b24a-b4a9bf60c927
774,ahamleylh@etsy.com,c9031ac7-7423-4bd8-91b4-403a556f17cc
775,scastanieli@wp.com,2a334723-0f29-4ad6-96bb-fa17cdefaa95
776,zwolferslj@un.org,9a5050e6-7ecd-4c9a-8b27-993cfd9dadb6
777,rgehringlk@toplist.cz,cf526d23-cdc4-4375-85cb-8e35333d3a84
778,sgregolettill@dailymotion.com,37056734-02b0-4561-82a7-5ce1e2654a4c
779,gcardenosalm@spiegel.de,e36c545a-7f7e-4721-81d7-e28469815de4
780,dcadoreln@ucoz.ru,f17b9257-93b9-40a0-aa86-5abf3712195e
781,pwallachlo@free.fr,6104c1e8-33ab-419e-9f71-4e886d285724
782,elondsdalelp@yelp.com,525e1812-8175-4e44-ab46-bf4d6f392e67
783,aleathemlq@google.cn,fcc5bc16-9e14-4616-bcb4-f92182e2c2e0
784,dhanscomelr@godaddy.com,1e7d8dce-8bd8-4d0f-b771-c264e286bd7d
785,llordls@weather.com,27d9afa9-4d3d-450c-a161-98a3635d96a5
786,acoselylt@nydailynews.com,cab9cb8c-393b-477d-bde4-7e024c6aa29c
787,adinnieslu@imageshack.us,2e9b5e62-8213-479a-bf0a-282f25b5a210
788,mfeareslv@netscape.com,d25fdab0-efee-40a3-92f8-c22ae9f56e27
789,aasplinlw@unblog.fr,82ca5ca6-2dae-4700-9e07-e939fca3f850
790,rchadneylx@whitehouse.gov,b0750337-b5f9-4fb5-aad5-f4b48d41ebfa
791,rmackelworthly@cyberchimps.com,35dba204-7903-4b95-afa1-964a796000a5
792,tmallionlz@microsoft.com,36eedcc8-b81b-49cc-8e9a-acd87a3cbb41
793,dredwoodm0@cafepress.com,d20a76ee-d89a-49ec-b9eb-06a31563e272
794,btrymmem1@sakura.ne.jp,3dffdb8e-ea70-4771-913f-8597134c76da
795,lcodmanm2@fc2.com,9fa6e6c2-57e9-4943-8c1a-990038fe64fc
796,byersinm3@last.fm,3db65547-be51-4b73-94a0-9aa2138dbccb
797,vvasyatkinm4@ow.ly,99ab511c-0127-4bd3-b987-1b5e40e4ad3f
798,ljoulm5@goodreads.com,f0f4d83c-852f-451a-a83b-fbbf77632baf
799,gpossem6@cyberchimps.com,9f2969d3-eda8-4d05-ab6d-61eb085de5b0
800,dmulmuraym7@blogtalkradio.com,ee99fd7f-6be1-413e-be27-984a996a50c9
801,gstickellsm8@toplist.cz,44ec946b-2525-40d1-b4a7-3b9ee4e50fcb
802,maitkenheadm9@printfriendly.com,72811eef-b212-47aa-b1f7-c916515eeafa
803,charmstonema@discuz.net,07b2858d-4e06-4194-a752-3a5aba885730
804,bbedwellmb@bigcartel.com,7a102c3b-204e-4346-a795-a6df8edfc067
805,mferrarimc@addtoany.com,def1432e-27f0-4da7-b0a2-7f82bd9abd87
806,smustardmd@msu.edu,949c93b4-1e84-4804-9927-e4fcf1b9d0ee
807,kgladdenme@sourceforge.net,6f56908f-d4e0-4efb-a54f-9345ee9d09d4
808,kkesleymf@blinklist.com,fa8cc44e-b4db-4291-8d8d-3b26526f688d
809,lkarlemg@networksolutions.com,5a5d3e11-e35a-404a-8d80-927337ad21ed
810,sstadenmh@sbwire.com,4f8450f5-d262-410e-8ce5-7d782d14db72
811,tbradbornemi@hc360.com,71515b5b-7409-4b21-922f-b8e67e1c3220
812,bahlfmj@de.vu,dc3ced1c-9eb3-40a5-880e-f1ea1ff567b6
813,spertonmk@wordpress.com,0b2c190d-2bc4-48cd-a68a-2a480dae91c9
814,rjessupml@microsoft.com,183dea78-33b6-4e5f-8c1b-1c0a17833ef3
815,jbuickmm@simplemachines.org,d4655af8-d903-4739-bc8d-71ef4a1e87cf
816,jfehelymn@mediafire.com,89bd41e9-9bba-479a-b5cd-5c6482363b82
817,ireemo@craigslist.org,9df08532-94a3-45c1-bedc-f141d6bbd97b
818,jsedgermp@storify.com,b12f1832-f250-4982-a5a5-c2dc5eb88518
819,amcwhinniemq@fda.gov,e155d1c1-b89b-41ca-a4da-e4171400bc2b
820,dpriestlandmr@npr.org,653da70e-1bfa-454a-a99a-e306b9e06045
821,wlandems@meetup.com,5c6b9c16-82ce-4135-971f-1a9840115f3a
822,estannusmt@reddit.com,9ebff0e4-69d6-4ff4-9463-8f8cadb3c85f
823,dfydomu@ftc.gov,9aabca43-78ac-4efe-8359-73ae6843aed1
824,gglassoppmv@infoseek.co.jp,2d68358e-e615-42bd-a583-81194d69398d
825,klilywhitemw@cnbc.com,fe0d9fcc-da35-414f-84de-482fbf1cdb74
826,cgriffenmx@npr.org,edfdb657-9370-4fb9-8f38-5f8672e85af7
827,ewheatmanmy@elegantthemes.com,cdf71e8f-4997-49f0-be4c-073ec13367b4
828,abonnickmz@chronoengine.com,c9ff0598-f715-4648-885b-5006ba122a1e
829,amcffadenn0@dropbox.com,580003c1-f315-438a-bdd4-53c0f3aae109
830,jbeushawn1@t-online.de,f2d776f4-e2cf-433e-9e3e-223006f9cae6
831,hwicklingn2@wufoo.com,1052c336-da09-4cef-bd1a-d83a78fa05e5
832,bcermann3@themeforest.net,895405d1-d96f-40bd-a355-de8aa650b557
833,dwaliszewskin4@msu.edu,1a5ce024-bef5-4581-bf0d-dee599c3b0f8
834,ledsalln5@theglobeandmail.com,3f113566-6241-4f04-9f8a-eded0a481251
835,rminmaghn6@printfriendly.com,0e709649-16d1-46dc-a6b0-0350457074ef
836,amacgeaneyn7@cbc.ca,5289d649-471f-4e47-9145-ffe5e4b9de16
837,nconryn8@twitter.com,670d31c5-8995-443c-a32f-fe3853ebca96
838,hswaylandn9@youtube.com,42945473-0532-4928-9c79-f383e5f1627c
839,ctunniclissena@home.pl,4b665777-23ee-4fef-aa60-c333b8759961
840,kreinertnb@opera.com,d0a07477-e7a7-4962-98f1-4541cb5fc7e9
841,cjelfsnc@marketwatch.com,a8e30b24-5209-4c63-9445-7f9aac0f9059
842,lcancellernd@statcounter.com,c5ec0aa2-8c1e-41c2-9399-4e5908a29a84
843,nkilnne@amazon.co.uk,696252ae-912d-4877-b846-1d2acdc35ec4
844,morniznf@google.ca,9d431e6c-f3d2-41e9-a967-08d46df6e305
845,lbeadhamng@census.gov,76033beb-1b5e-4b58-8fbb-9becb0951385
846,eclaceynh@slideshare.net,9576bced-24a9-42e4-9011-12dac9a59c33
847,nlestrangeni@acquirethisname.com,0fa8a9cd-eae0-4d69-9893-acd5b1a8303c
848,aleesnj@pbs.org,63b36bed-562d-46ee-82d3-6c55c822b5c4
849,lgirdlernk@ow.ly,56f11b99-1322-41e0-87bb-a07eb21744c8
850,dmacanespienl@constantcontact.com,92d76854-a3fb-406a-b159-85c9bf5fff6d
851,sgrenfellnm@yellowpages.com,e4c146a8-1ff6-4c75-9e83-2961a9713dbc
852,hdelionnn@posterous.com,335d47c5-7502-4725-84da-51298d722b57
853,lellimanno@imageshack.us,16cf1106-c0b6-41e7-ba1e-85d3fbfdaa1f
854,klintonnp@parallels.com,888507bf-18e7-4d97-8db3-3d333815976b
855,ebrombynq@ezinearticles.com,ca43d192-fb33-4f03-b241-0efbba6f6240
856,kboddingtonnr@yale.edu,2bbed2c5-063f-4516-8ca9-f5bba9327e0f
857,dsweedlandns@chicagotribune.com,64b18a7f-eaaa-49e9-b9bb-bb22497cd5c5
858,dprettjohnnt@foxnews.com,dd8ee9ea-7354-49b6-8b57-b55c17abadd0
859,lsagersonnu@networkadvertising.org,41d585a5-c3fb-4d63-b047-5420d554d0c0
860,aringsnv@yale.edu,84dba9cd-08e1-4993-92ea-6e3236326cf7
861,josgarnw@businessweek.com,307ee65e-4920-44d8-bdef-c34406a64a75
862,rpiffnx@dot.gov,7f977d0f-21b7-46ce-814d-3302841d0ac8
863,fnutbeemny@imageshack.us,3a2aeeb8-1abc-4e1f-bd8f-c3087c5cf1cf
864,kongnz@shutterfly.com,74863cfb-5f0b-453b-874a-5df1c9bf14ed
865,cfardoo0@berkeley.edu,4ad6e414-68cf-4150-97ad-6e7c30455b53
866,bjoblino1@mlb.com,902881ff-1a42-4cb7-81bf-e7252e37d22b
867,gwestwoodo2@cbc.ca,f02c1089-99f4-4ba2-98eb-e32f2f2f02b7
868,pyanshinovo3@miibeian.gov.cn,f3ab0fa1-05ce-43e8-aeba-e9d9205460b5
869,vthompkinso4@deliciousdays.com,0e08beca-91c1-49e7-88af-1dc0226045bc
870,vnasio5@state.tx.us,72be1c3f-a8ff-4a55-9ab3-701f4ab1f04e
871,adecazeo6@va.gov,e62f86b4-0d73-402e-b075-713ba26a662d
872,jivanshintsevo7@disqus.com,9e82f793-c685-41ff-92af-883bedd9f063
873,nmachelo8@biglobe.ne.jp,00f7ceaf-0cfe-425e-84df-456a82f5fad7
874,tlarensono9@wisc.edu,67aa0ef9-98a5-47d8-a72c-286db6549e93
875,gcrankeoa@elpais.com,59bed07a-bbe7-4af8-a264-5144594586eb
876,dallsobrookob@slideshare.net,03a57f67-2553-4305-ab80-f9f8f4e77565
877,hmilmithoc@nhs.uk,4e2e13a3-dc05-460f-9344-eaa18cf25223
878,cengelmannod@aol.com,58c0582b-523b-472b-a1a7-93120fb1803d
879,sfortunoe@go.com,0a1517e3-a2e3-4687-8b2c-cb5d5d396e04
880,kmuglestonof@live.com,589a0402-3dff-4902-b174-6e5a035cc12d
881,cmitchallog@ebay.com,c5282759-f48b-4d00-83a1-d6a85e98c0a9
882,tjahndeloh@nationalgeographic.com,a717ee49-6938-4cf2-90a7-8ff61091682f
883,bcomiskeyoi@businessinsider.com,812a5cc8-5dcd-4f0b-a275-e7830e770778
884,glethemoj@mapquest.com,a0096256-1370-43fa-9884-24609d2f6f0e
885,ftextonok@domainmarket.com,50615ba8-e0ef-4023-9ea9-c83e915dbfdd
886,gaggol@census.gov,7a1e8ccb-e54c-48a9-a76a-bc1023b4aae9
887,sgressom@hugedomains.com,945fc106-c14f-48d7-87f3-5220287b9578
888,ztewkesberryon@zimbio.com,9260080e-3572-4988-a8d5-a8620602b3d8
889,jsnufflebottomoo@csmonitor.com,0eb4eb3b-155d-44bf-8531-0f260baf6fd7
890,lspottswoodop@homestead.com,20a723a9-d987-45de-898b-d9bf38a88dfe
891,mwillertonoq@ox.ac.uk,22bb5ca8-d6c2-4573-9b63-c5e3da46c8ae
892,amanoellior@imageshack.us,8499ac8f-0baa-4801-8e71-dcf2a3d57e2f
893,yherityos@japanpost.jp,22292a32-7ce4-45d8-888f-bad4046721f6
894,zbiskupiakot@uiuc.edu,caad1692-d01c-4a4f-a898-90ee486857fd
895,ppayneou@cbc.ca,1805402f-a719-4e20-94e7-89fcd31c0d69
896,jcotterellov@symantec.com,f491a265-f4ec-46c8-8e5a-74ad3d3afe0c
897,taberchirderow@cloudflare.com,d2988d67-40e1-4f33-8a87-8c5cfd787d09
898,lgallieox@google.cn,fa0b9570-83f0-448c-b9c1-4bb9fb17c7e7
899,zcroleyoy@amazonaws.com,8b3955b8-8b16-4f0f-8ee4-b0adc71017ce
900,edillingstonoz@dailymail.co.uk,f9061c37-2977-4e00-b71a-7ab5f7fe9a1e
901,mambroschp0@google.ca,2e1ec795-c8b1-4c46-bee5-3a7689366ffa
902,rackermannp1@51.la,f0e395a1-c05b-4ef1-99ad-6fa8e8969264
903,kjanwayp2@ebay.co.uk,1e2089f0-9cfe-49b4-858e-7420b68bdb5f
904,dmityakovp3@si.edu,108a9c70-26ef-4822-b0d9-1604de0b04d9
905,mbeardallp4@flickr.com,d88a9821-3460-492f-86de-158b808f9150
906,jsaddp5@hatena.ne.jp,6405bbae-e0a5-4187-83bc-b06c0fe77515
907,cmccuthaisp6@wikimedia.org,7194e235-5998-4300-85dd-738895a14354
908,rshieldonp7@europa.eu,102632a6-6cb7-4098-aefe-ab9f0b48fc8b
909,hgrishanovp8@unicef.org,5a378d86-7409-4329-82ae-92b09a13b25e
910,tdonizeaup9@unesco.org,c5b02112-9915-47fe-adab-ce34e4a6a10c
911,gmacconchiepa@marketwatch.com,d1c3fa51-e95a-4f8b-8e15-58dd8deea33f
912,ecornpb@china.com.cn,14ca56bb-d17d-4a8b-82e6-0c7a76d1e195
913,kscarbarrowpc@house.gov,8dcee635-3e2d-438e-be7c-82476bf3dab9
914,ttappinpd@sakura.ne.jp,37a7ae88-8cb2-4bdc-8078-2f94621af657
915,jslightpe@google.co.uk,6711c019-1ed2-40bf-851e-59e2ae1df755
916,bleesepf@homestead.com,f90dee0b-0f22-4817-a8da-56f760e8da0b
917,oterbruggepg@cbsnews.com,816d84e2-be78-4fb7-95f5-8c605cef86ec
918,rkorousph@cmu.edu,fc3fb225-fcff-438f-a25e-dd2107e68560
919,tmunseypi@npr.org,2b88a715-51cc-48b2-bd2a-394ac2e9e442
920,ldrillingcourtpj@studiopress.com,25d81e1b-8448-4668-9722-c7b5ac78bfb0
921,jalexandrepk@dyndns.org,46243138-e288-4a6e-902c-a0637235812c
922,lfeatherpl@devhub.com,838fb009-ea1e-4cb9-8f75-44aef812c72c
923,lrivelinpm@google.nl,07dde5e7-5980-43f7-8504-b6f038e51f28
924,cincognapn@hexun.com,cb47f035-f06a-4cd7-8d2a-452d14ec9587
925,sheathfieldpo@myspace.com,624d77da-f9d8-4138-9bbc-732e9a738314
926,dferierpp@dropbox.com,d99c722c-0631-49be-8b84-c9c8e875d406
927,sfairespq@toplist.cz,7caea3f1-21d2-45c3-9975-cde9a169567e
928,jbruckenthalpr@canalblog.com,ac92d302-4dde-4fbb-9f0d-21791ec9cebb
929,kdrewsps@youtu.be,6eb6760f-6b08-4473-b280-fc61d230da42
930,echetterpt@ameblo.jp,6b1b638e-1092-4155-bc7d-089070fb86c9
931,scastrillopu@github.com,f830051c-4e5c-49eb-a295-8af9e4847bab
932,tcockingspv@1688.com,68214689-b769-4294-9787-28a3c0e6a016
933,tcloggpw@list-manage.com,ab58dac1-1865-4003-8488-9edbea897d05
934,cguilfordpx@vimeo.com,99c4d9bc-0367-4593-9508-2a858f7eac43
935,gccominipy@redcross.org,64b96909-61b2-4bbd-afe2-c0df390ecdc0
936,tsimisonpz@ed.gov,8d9c855b-2207-4315-b8bc-714b4d315e35
937,oeardleyq0@de.vu,6191d826-9846-4fbf-aeae-e6e32eb05831
938,pcardnellq1@businesswire.com,d19bc1df-a436-488c-94bd-577d3caacf06
939,mlafayeq2@java.com,6316a11d-370c-4409-bd45-c93c913ba5ff
940,jdaybellq3@360.cn,e73cb8c6-1255-4dd6-b822-26fa6b2934ae
941,mbagbyq4@youtu.be,1c0ccf1e-abde-4175-95ac-ddea378ad018
942,vjinkinsonq5@a8.net,c075b01f-a97c-4157-8323-c3ab00e9de06
943,jwellwoodq6@msn.com,40e44c32-d3c8-4937-9ee0-53cb81aef2dd
944,wblacklaweq7@smugmug.com,8d44f425-1cf5-4eea-abaa-1467c96876b8
945,nsainthillq8@bing.com,1c41865c-b8d9-4791-8b87-906321797ed6
946,nklimasq9@wsj.com,1ac9ae9d-f8e5-4bbf-8fcc-b8776a008870
947,hlovedayqa@miitbeian.gov.cn,326bf603-dab7-48a0-a189-00f9dc8f649d
948,chaytonqb@ycombinator.com,2afda7b4-be86-44f9-ba0a-b7112178b7e3
949,dwisdenqc@foxnews.com,d6b9efd6-940a-45e3-82f0-5cef2aa35d1e
950,pyarringtonqd@hhs.gov,fd2d038c-26d9-47ba-a2de-dc7703247834
951,lleedalqe@whitehouse.gov,a2b58f0c-2900-48a6-a254-92e489b7c9f2
952,vweatherleyqf@abc.net.au,7a34c90b-5a73-4b9d-b5af-8b410940fbc0
953,cricciardelliqg@google.co.uk,fde54b93-42a3-417c-9a9c-f99bcb2fa11e
954,btrunchionqh@google.com.br,7f80895a-786b-4fbe-8d8f-624f3bbafe1a
955,mfairnieqi@a8.net,25054974-e62c-4c07-9630-46f94b755e37
956,bbuttrickqj@ameblo.jp,89a16adc-2169-4750-8aaa-b2a6c0516dfc
957,bsawkinqk@live.com,e52d81d5-a0ef-4ff1-ba0a-e3001f30fdd9
958,mpeytoql@wordpress.com,1b330b37-bf37-4b7b-a705-dccf8ebf5a45
959,rmcgrottyqm@moonfruit.com,c1f57c76-218e-4a05-ad81-300d99545ebd
960,shultbergqn@theguardian.com,e88b9820-2174-4a87-800b-439f4a79988a
961,acanfieldqo@mysql.com,07bca7c8-36ce-4724-bb38-e35c87559f82
962,bhurrellqp@cornell.edu,d541441f-544b-4230-9898-0f5328a614ae
963,gambrozikqq@who.int,d7ab8882-95e5-473b-967a-d02314dbf7ff
964,bblannqr@berkeley.edu,86a5b5c5-4ae8-4115-88a9-56d863e57a96
965,chealesqs@canalblog.com,20abb84c-9ca6-4720-8f38-62999f46eddf
966,glambswoodqt@e-recht24.de,d7b393a4-8752-4ce9-86bc-551c469f3082
967,mfittqu@hibu.com,63026cc4-b6c1-41fc-b5b5-36f481f9be63
968,asouchqv@rakuten.co.jp,78569471-f2b5-48d2-8bdc-e032753e5d96
969,kenrichqw@topsy.com,005bca65-0089-436e-8e09-4ad7d265f69c
970,jscaddenqx@1und1.de,fb1a9fb7-3ed6-402f-a6e5-ce30c666bb82
971,pbeddieqy@wsj.com,758a2ebe-e6c6-47c3-97c4-47f1cb0b3118
972,aebbrellqz@yellowpages.com,604d9d87-84fb-4d8c-8989-66717ed8a21f
973,fmaggiorir0@hatena.ne.jp,898f5f2c-a301-48aa-8c43-339042575f47
974,kfeldfisherr1@noaa.gov,acd9f924-9e9d-41e9-aaa5-86ffa11cb0aa
975,rcoggellr2@ezinearticles.com,8badd03f-72bb-439e-ac53-6a54655b1297
976,aputlandr3@rambler.ru,d20c2571-c488-4d3f-95fc-8d79bf7dc935
977,aofergusr4@squidoo.com,f4aa3c0f-e2ea-4721-94cc-53e35c0b78e9
978,estockerr5@go.com,a99d7ad1-6f94-42bb-b0c6-9376f0d7cc1b
979,rbastowr6@networkadvertising.org,fd17bdbd-d750-432b-93db-6a013c27542a
980,ssommerlingr7@mashable.com,f58a18d3-c649-46cd-8798-eef35c309b51
981,abecarisr8@shop-pro.jp,18944ee5-2b8d-4f19-8443-03022b5198fc
982,tinskor9@answers.com,d8eadb9e-11b6-4506-a3ed-0d80f881dc4c
983,ebaggianira@jiathis.com,578f55cd-0273-40db-89fb-8a572b568e12
984,tcrowdacerb@ed.gov,e8cbae3d-54ca-464d-9f23-1fa0b3213837
985,emullochrc@fc2.com,c7fb85fc-82c9-42dc-82b0-278244aa4da1
986,phubachrd@moonfruit.com,3f599e25-ef98-4001-8f85-7673e60bc00d
987,hmadenre@ezinearticles.com,752d01d9-7bb2-49d0-bcb7-b1e0b2f7ad00
988,rkopeckarf@taobao.com,5232848d-b0ee-4455-a79c-865be411abde
989,etremathackrg@cbc.ca,83770e9f-4403-4ae6-9f29-aec2df70f502
990,bbehlingrh@deliciousdays.com,c39ecc54-7c92-493d-a1c9-4ab5c6323c03
991,bcastanerri@yolasite.com,b5c68413-4be0-4013-a0f3-c2372e52c178
992,ebalentynerj@e-recht24.de,298e6f26-2225-4790-abc7-f891f2f398a2
993,ehammarbergrk@yahoo.co.jp,a025753f-7cfe-40ff-b732-76a1ed0c3f71
994,mmcqueenrl@deliciousdays.com,f8ed5e6f-e53c-4f20-afd5-0dde627f7766
995,rbeilbyrm@ameblo.jp,dcce61f9-63c7-48b4-aafa-264b84ca9f4d
996,ceverrn@ft.com,b2282740-197f-42e1-81de-a37272b5b9f8
997,kslemmingro@csmonitor.com,e3966bd9-e32c-4127-9614-52fbfb87ad5e
998,sashcroftrp@liveinternet.ru,e89588a5-a187-4d37-9d22-5d6940074ad8
999,jliberorq@liveinternet.ru,409c8091-4f31-47ec-9e17-e11666d5a6dc
1000,smcelweerr@state.gov,0fec2021-029c-419a-85f3-b613324d7149
